Country Name,1991,1992,1993,1994,1995,1996,1997,1998,1999,2000,2001,2002,2003,2004,2005,2006,2007,2008,2009,2010,2011,2012,2013,2014,2015,2016,2017,2018,2019
Aruba,7.962872496,5.882352941,7.307692308,8.203902828,2.547143909,1.185788172,7.046873978,1.991985852,1.238042106,7.616588194,-2.971256724,-3.273646411,1.975547262,7.911563466,1.214349349,1.050607528,1.800225971,-0.090708046,-10.51974854,-3.685029387,3.44605475,-1.369863014,4.198232323,0.3,5.700000876,2.099999586,1.999999104,,
Afghanistan,,,,,,,,,,,,,8.832277804,1.41411798,11.22971484,5.357403248,13.82631954,3.924983823,21.39052841,14.36244146,0.426354793,12.75228708,5.600744661,2.724543365,1.451314655,2.260314205,2.665292046,1.840088543,2.901228964
Angola,0.991359301,-5.838280733,-23.98341744,1.339363436,15.00000003,13.54436976,7.274277355,4.691146451,2.181489718,3.054624234,4.205998556,13.66568652,2.98985001,10.95286177,15.02891532,11.54768318,14.01001824,11.16613833,0.858712615,4.859197541,3.471981376,8.542147337,4.95459047,4.822625551,0.943575613,-2.580097243,-0.147207419,-2.003576754,-0.869393785
Albania,-28.00214166,-7.187110916,9.559411694,8.302866591,13.32233332,9.099999444,-10.91998409,8.830087709,12.88989673,6.950036134,8.290070027,4.53996064,5.530050778,5.509998693,5.529914809,5.900083957,5.979982036,7.49996956,3.350066528,3.706892301,2.545321845,1.417525992,1.00198715,1.774486785,2.218752232,3.314804753,3.802197488,4.071301295,2.214063153
Andorra,2.546002872,0.929211956,-1.031484011,2.383187691,2.757499187,4.649740149,9.067672199,3.194790296,4.099080837,3.528361297,8.119357722,4.546362214,8.694203716,8.135676338,5.397795985,4.808688699,1.553188141,-5.559186369,-5.302846543,-1.974958,-0.008069753,-4.974443719,-3.547596515,2.504465521,1.434140395,3.70967807,0.34607189,1.58876549,1.849238257
Arab World,1.514301183,4.98215812,3.270957227,3.198334315,2.754560586,4.596311961,4.239930098,5.266149848,1.789949565,5.459767033,1.571133334,0.583700726,5.331643759,9.32155715,5.749792044,6.50186983,4.552281042,5.808791304,0.425263876,4.642129411,3.816275069,6.59012056,3.184266494,2.447409777,3.173547388,3.421764682,1.13716881,2.089836584,1.478439683
United Arab Emirates,0.860081946,3.344944862,1.261190951,6.896148551,6.687886464,5.798404061,8.190398641,0.291994349,2.902213645,10.85270421,1.39908503,2.43345681,8.800540815,9.566436637,4.855141196,9.837319773,3.184390174,3.191836276,-5.242921907,1.602809961,6.930271629,4.484626085,5.053345825,4.284303686,5.105936984,3.060964308,2.373536708,1.189855642,1.677720371
Argentina,9.133110566,7.937291556,8.206979072,5.836200704,-2.845209611,5.526689827,8.111046771,3.850178852,-3.385457041,-0.788998939,-4.408839683,-10.89448483,8.837040796,9.029573301,8.85165992,8.0471515,9.007650875,4.057233103,-5.918525076,10.12539816,6.003951693,-1.026420454,2.405323781,-2.512615321,2.731159828,-2.080327844,2.668590379,-2.481792445,-2.162952121
Armenia,-11.69999848,-41.80000274,-8.799998794,5.400002783,6.899998416,5.865400751,3.321079698,7.299999989,3.300000002,5.9,9.6,13.2,14,10.5,13.9,13.2,13.7,6.9,-14.1,2.2,4.7,7.2,3.3,3.6,3.2,0.2,7.5,5.2,7.6
American Samoa,,,,,,,,,,,,,0.814111262,0.538358008,-0.401606426,-4.166666667,1.963534362,-2.613480055,-4.237288136,0.442477876,0.293685756,-4.39238653,-2.756508423,0.94488189,1.404056162,-2.769230769,-5.85443038,2.18487395,
Antigua and Barbuda,2.176873363,1.158326269,5.280071488,6.676195163,-4.35949399,6.604818088,5.471131932,4.731313712,3.707894618,6.691742382,-4.954074711,1.024100862,6.05790855,5.736460188,6.412405164,12.72850745,9.25942056,-0.030133268,-12.10753619,-7.574357218,-1.958612628,3.3728662,-0.600876397,3.795727613,3.825293099,5.497788456,3.145543603,7.389197162,4.65040225
Australia,-0.397231659,0.412529109,4.029408669,3.982695245,3.836059118,3.878618462,3.966496644,4.576693783,5.073585258,3.933097026,1.930882544,4.001377032,2.985940486,4.055551874,3.204160122,2.794583316,3.844309553,3.657912651,1.93692177,2.067465677,2.462786173,3.918161772,2.584875111,2.533115447,2.192640028,2.770656693,2.367617253,2.940333582,1.89682574
Austria,3.441627449,2.09352471,0.526809466,2.402118766,2.667983662,2.349533852,2.09359939,3.581425815,3.556331247,3.375722147,1.267168189,1.651553922,0.941470921,2.735120222,2.244065325,3.454041836,3.727415301,1.460423676,-3.764578178,1.837093677,2.922797284,0.680445577,0.025504712,0.661272849,1.014501586,2.082608428,2.476443921,2.419763638,1.612959328
Azerbaijan,-0.700000183,-22.60000005,-23.09999931,-19.70000072,-11.79999973,1.299999465,5.800000012,10.00000117,7.399999587,11.0999995,9.90000013,9.438916342,10.20830001,9.253801326,27.96153807,34.46620936,25.46321591,10.59143729,9.369074777,4.789242792,-1.572997621,2.202939023,5.843415762,2.797585434,1.049546368,-3.063598454,0.153614647,1.500401707,2.218704277
Burundi,4.996836448,1.009998371,-6.240000001,-3.829999996,-7.920000004,-7.999999998,-1.589999997,4.749999995,-1.009999996,-0.856864058,2.055807108,4.446519412,-1.22372796,4.833657768,0.900000001,5.413807145,3.45195249,4.861712995,3.812746937,5.124163303,4.032602496,4.446708222,4.924195261,4.240651644,-3.900003086,-0.600020001,0.500009999,1.609933082,1.842476677
Belgium,1.833074279,1.530654836,-0.96187309,3.226971466,2.384757207,1.321478488,3.793644861,1.961840751,3.542734277,3.716677113,1.09961616,1.706889159,1.037953053,3.571192891,2.32173738,2.552353767,3.676918241,0.446916545,-2.020725816,2.864285327,1.694497446,0.739229905,0.45922805,1.57852323,2.032788973,1.478300769,1.903862139,1.487634836,1.404455201
Benin,4.225799419,2.957710826,5.836172088,2.020400448,6.045198648,4.324284031,5.734688377,3.961012138,5.341449372,5.857714205,5.333135706,4.643030871,3.443576776,4.429684554,1.713164564,3.943738828,5.986349322,4.896577084,2.319292139,2.114064726,2.963752919,4.811223316,7.191433721,6.357679098,1.77815106,3.339673426,5.671555469,6.697259461,6.865687335
Burkina Faso,9.069984461,0.232710763,3.461384935,1.315007272,5.716373867,11.01474387,6.316834735,7.307719633,7.404178966,1.88847389,6.613405746,4.352963827,7.802493892,4.478452135,8.66187323,6.253164688,4.111379017,5.799991741,2.961950858,8.446281577,6.622562612,6.452672381,5.792605592,4.326845613,3.9125572,5.958691719,6.15710463,6.81961748,5.688598986
Bangladesh,3.485227815,5.442685551,4.711561724,3.890126441,5.121277897,4.522919218,4.489896497,5.177026873,4.670156368,5.293294718,5.077287776,3.83312394,4.739567399,5.23953291,6.535944941,6.671904981,7.058599357,6.013789759,5.045124794,5.571802274,6.46438388,6.521435078,6.013610365,6.061059359,6.552639879,7.11350246,7.284184092,7.863708893,8.152684947
Bulgaria,-8.445355177,-7.272387999,-1.480214759,1.818011198,2.860189445,5.138915238,-14.1928148,4.285281898,-8.281016241,4.782042329,3.817240033,5.953033877,5.151841505,6.441859686,7.153541834,6.802165969,6.557082321,6.085627082,-3.42357082,0.569823565,2.350980456,0.360583188,0.318735761,1.894547142,3.989526269,3.81153783,3.506604774,3.084189801,3.371615546
Bahrain,11.22999878,6.689998367,12.87000667,-0.250001485,3.929991545,4.110006115,3.092999787,4.790002789,4.29999896,5.300070056,2.490948108,3.348550668,6.296441979,6.980960594,6.768997871,6.467000122,8.293960448,6.245010775,2.539885936,4.334299173,1.983515012,3.72810843,5.41683981,4.350390853,2.863047304,3.473516575,3.81170619,1.957183297,1.819569006
"Bahamas, The",-4.181784781,-3.82558197,0.307806291,3.14891562,4.37875209,4.223530425,2.062239634,4.716482216,7.144114758,4.149243017,2.625684058,2.704561615,-1.264720771,0.88283993,3.395355597,2.516849119,1.446544635,-2.323966973,-4.175260401,1.538777407,0.612897452,3.086879177,-2.952095607,0.736540805,0.5975763,0.446254968,0.066664463,1.565759936,1.799255621
Bosnia and Herzegovina,,,,,20.7999984,88.95766682,34.38957382,15.59999682,9.599999696,5.500000506,4.39999928,5.300000633,3.999999711,6.099966798,8.759256846,5.417270192,5.855585079,5.426726476,-3.002752748,0.767250351,0.908241482,-0.699614302,2.351035695,1.148032021,3.088227143,3.145652289,2.118461623,3.716250749,2.582627866
Belarus,-1.19999557,-9.600001396,-7.600001842,-11.7000039,-10.40000049,2.800004651,11.40000541,8.39999142,3.399999163,5.80000344,4.725305994,5.04526748,7.043192559,11.44974311,9.400001524,9.999994812,8.600006536,10.19999944,0.19999531,7.798266823,5.37870745,1.687135536,1.003470841,1.726384854,-3.829570558,-2.526446436,2.5321835,3.149197594,1.222096629
Belize,11.46403642,12.05944536,6.275691918,0.15836329,0.644238365,1.428210257,3.544671149,3.740646544,8.778999567,13.01652801,4.681209062,4.741676234,9.333552559,4.787207379,1.942212017,4.824026279,0.505864446,3.492049352,0.219496449,3.001803659,1.917865332,2.417672326,1.30212494,3.635359987,2.849642368,0.085081197,1.866499113,2.089909655,0.266552937
Bermuda,-3.534383404,-0.059737157,3.008567444,0.599613153,4.399147856,2.600476046,4.6,3.9,3.382648714,9.317155577,7.222436009,-1.477790375,3.410706204,2.321266476,1.674207149,5.543865928,2.845890114,1.52789391,-5.284177149,-2.094113534,-3.33949441,-4.834540171,-2.511154431,,,,,,
Bolivia,5.266527472,1.646496933,4.269293696,4.667270435,4.678272586,4.361343058,4.954208743,5.029352337,0.426889577,2.507807553,1.683800939,2.485564847,2.711340707,4.173294318,4.421434767,4.797009171,4.564382752,6.148497195,3.357001259,4.126719369,5.204095947,5.122274661,6.796011706,5.460567154,4.857188015,4.263921854,4.195207019,4.223622769,2.216707101
Brazil,1.511937238,-0.466913212,4.66516899,5.334551702,4.416731355,2.207535527,3.394845985,0.338097903,0.467937567,4.387949443,1.389896403,3.053461858,1.140828998,5.759964639,3.20213138,3.961988722,6.069870608,5.094195447,-0.125811999,7.52822583,3.974425406,1.921150318,3.004846305,0.50395574,-3.545763393,-3.275916908,1.322869054,1.317223999,1.136585572
Barbados,-3.899906828,-5.692520776,0.793067998,2.010782457,2.013998,3.976477177,4.740102343,3.728464901,0.334655429,4.447189623,-2.365464222,0.787401575,2.175480769,1.411598635,3.955457604,5.90270029,2.202086187,0.701030928,-5.077805078,-2.28645384,-0.673289183,-0.455606178,-1.406563965,-0.124547101,2.448701961,2.478698683,0.475110679,-0.580333154,-0.096135553
Brunei Darussalam,3.145941362,4.758580846,0.304572874,3.145397395,4.47870734,2.878317747,-1.471171572,-0.558508851,3.052157142,2.849421858,2.744040518,3.872096967,2.903955477,0.504318253,0.387507208,4.397719678,0.154581812,-1.939714638,-1.764535541,2.598965746,3.745318352,0.912841671,-2.126028517,-2.508352562,-0.392383488,-2.477917979,1.328602552,0.052237791,3.869109803
Bhutan,-0.407875983,4.600890933,1.986367035,4.951503299,7.074117408,5.565172974,5.373838729,5.914030478,7.983972475,6.933023862,8.348954483,10.99228184,7.823302361,6.008742236,7.287249352,6.999738095,18.36085406,4.799460612,6.748333748,11.945896,7.982617041,5.118400858,2.119972633,5.77649568,6.642232105,8.127033538,4.651834675,3.027640719,
Botswana,7.458709112,2.917070307,1.916107142,3.627916021,7.030410261,5.829800078,8.325890898,0.44366348,9.667240742,1.987695854,0.250573867,6.069530868,4.625894792,2.705821737,4.556645657,8.363871069,8.276763793,6.245437363,-7.652310203,8.563631748,6.048316367,4.456167213,11.34342425,4.149289893,-1.697965616,4.303737457,2.90400635,4.478823484,2.966135933
Central African Republic,-0.552543005,-6.424078199,0.335275685,4.89994941,7.200045558,-4.000092964,5.299936018,4.700142379,3.599974904,-2.48943244,4.464739026,3.616542192,-5.397485219,5.994884228,0.908210515,4.77108543,4.607534855,2.054130962,8.587260426,4.630818432,4.194615337,5.053761254,-36.3919771,0.081070515,4.33712103,4.750316841,4.527278213,3.789443593,2.970275648
Canada,-2.086085477,0.900259569,2.660856577,4.494466217,2.693976268,1.619172466,4.280040084,2.796542462,3.970482645,4.917762719,1.405527596,3.422146149,3.811090196,3.914028754,4.995860903,4.165817607,6.868608863,1.007622678,-2.928400184,3.089494644,3.146881366,1.76222255,2.329122522,2.870036039,0.659176889,1.001394429,3.170729866,2.013639212,1.656040854
Central Europe and the Baltics,-9.688748741,-1.978816428,1.605781863,4.072510485,5.530895488,4.509986203,2.42175191,2.692141243,1.981728916,4.02322889,3.021838566,3.540405519,4.092045162,5.817152858,4.974623147,6.587180162,6.39011974,3.916179503,-3.444165669,1.566680383,3.247743933,0.77458531,1.253092629,3.043276707,3.927453613,3.046183032,4.787829715,4.416531724,3.690173574
Switzerland,-0.915816563,-0.043732996,-0.125983552,1.269757711,0.480866442,0.54002759,2.340149879,2.989891845,1.694719845,3.936823452,1.312423646,0.162612928,0.039576552,2.776223502,3.115245534,3.988634218,4.111877802,2.154701875,-2.22210711,3.002699098,1.692808496,1.006024094,1.852039766,2.449218087,1.333369082,1.722740656,1.799408986,2.750553714,0.92883244
Channel Islands,,,,,,,,,3.770263675,5.826641469,-1.51296126,-1.632206598,-3.202156942,0.224197396,1.377734157,4.882299364,5.898329661,,,,,,,,,,,,
Chile,7.804392186,11.16670773,6.588783827,5.030197977,8.933295869,6.802916596,7.427889808,4.324579497,-0.412096167,5.326938419,3.303047313,3.106970532,4.091047685,7.209539709,5.742830489,6.317176343,4.905324504,3.529530553,-1.564239443,5.844177296,6.110918829,5.318628,4.045004298,1.766739784,2.303767036,1.711089289,1.188572582,3.949320891,1.054442551
China,9.294075913,14.21616358,13.86757602,13.05215872,10.94922737,9.928372463,9.230769231,7.837613919,7.667486171,8.491508492,8.33991055,9.130645945,10.03560303,10.11122346,11.39577594,12.71947902,14.23138804,9.654289373,9.399813171,10.63614046,9.55091409,7.859627493,7.768615284,7.424523656,7.041856201,6.848728423,6.946200092,6.751614391,6.108560627
Cote d'Ivoire,0.040925168,-0.244560612,-0.1924851,0.811206685,7.125744724,7.729327422,3.743553144,4.930679628,1.617527443,-2.068400057,0.121371916,-1.667642138,-1.359535943,1.23177284,1.721247367,1.515842363,1.765036784,2.542841476,3.251453718,2.017638592,-4.387254789,10.7065041,8.889421302,8.79407739,8.84285995,7.179207824,7.359637184,6.793487967,6.852334587
Cameroon,-3.808599372,-3.100003211,-7.932066575,2.123935444,3.469792148,4.361086518,5.231320709,4.502291241,4.292016945,3.553374364,4.368084242,4.237203677,4.567195256,6.780955924,2.020662307,3.457668793,4.902201732,3.488800919,2.198664102,3.422507641,4.129277161,4.543265016,5.40426571,5.884059327,5.651463744,4.648481551,3.549087318,4.062405319,4.017216043
"Congo, Dem. Rep.",-8.421051499,-10.50000856,-13.46905054,-3.899996803,0.69999883,-1.023172642,-5.617046599,-1.624154045,-4.270140831,-6.910927317,-2.100173025,2.947765184,5.577822311,6.738373933,6.135151155,5.320979565,6.259477764,6.225894269,2.85506401,7.107976576,6.87467089,7.086898947,8.481956636,9.470288097,6.91618781,2.399379098,3.726947653,5.8211211,4.384528881
"Congo, Rep.",2.395367454,2.611948052,-0.979683206,-5.493075745,3.985324378,4.290481556,-0.62481215,3.73755277,-2.582199357,7.575980392,3.8026019,4.581870061,0.813264075,3.476631623,7.755758978,6.235997013,-1.58222275,5.572233235,7.468942484,8.751601459,3.420665681,3.799971313,3.440705249,6.779916158,2.646485877,-2.800018788,-1.801001225,1.6,-0.899999998
Colombia,2.001607597,4.044929438,5.385409939,5.814661908,5.202437593,2.055854712,3.430293678,0.56978409,-4.204015244,2.924861483,1.677898308,2.503980466,3.918271904,5.333022067,4.828761108,6.716868698,6.738194691,3.283446186,1.139648645,4.494658971,6.947891982,3.912635767,5.13399352,4.499030001,2.955901375,2.087382502,1.359360868,2.515324456,3.322212789
Comoros,-5.395637149,8.530981788,3.006061307,-5.276782997,3.610206432,-1.291688926,4.030153668,1.282515793,1.924408712,10.84787862,2.332907102,2.324944861,2.103871636,1.919659807,2.83754787,2.646955476,0.800042349,3.999971991,3.200113112,3.799933455,4.099846955,3.200272903,4.499874215,2.100006438,1.116140583,3.320680025,3.815702113,3.430764136,2.715259465
Cabo Verde,1.404146852,10.93764724,8.708311376,19.18264182,14.21163626,11.34652473,11.11842604,12.51728567,11.22264853,14.28486883,2.231654493,5.250891246,4.176259302,10.19707261,6.912457988,7.983750447,15.17068797,6.650520523,-1.270425968,1.466790097,3.968886345,1.081918279,0.802797601,0.611212666,1.006863707,4.705791509,3.702039188,4.531161684,5.66775246
Costa Rica,2.26565499,9.19656098,7.08751725,4.487266995,4.121496396,1.237816358,5.564945547,6.961700255,3.943353587,3.833166661,3.490469522,3.291753162,4.25547684,4.336574811,3.870873326,7.237732745,8.16789615,4.649598233,-0.970548313,4.951863844,4.30710166,4.796919919,2.2690274,3.515338564,3.631731442,4.245989878,3.860198454,2.660375294,2.083859938
Caribbean small states,1.3257911,2.104771585,2.940207385,2.689854709,2.866238883,3.367938331,3.04761313,3.00443104,4.087652436,3.814810231,2.004765005,3.638212583,5.743616312,3.972397227,3.697960541,6.803980121,3.246979301,1.283396809,-3.690480447,1.292471198,1.057106013,1.231205524,0.752549991,0.505916307,1.143925819,-1.597755503,-0.106127227,1.325229304,0.8752453
Cuba,-10.69269711,-11.58060308,-14.87818069,0.71693031,2.457201172,7.838749659,2.783425042,0.159146052,6.188755304,5.914760174,3.185029904,1.424821261,3.792740223,5.77053807,11.20165642,12.06586311,7.262136966,4.116828042,1.451305431,2.390352297,2.802300836,3.014900289,2.747602563,1.047576632,4.438141959,0.513761468,1.809054399,2.248480393,
Curacao,,,,,,,,,,,-0.695752956,0.397065105,0.288184819,0.208461863,0.676426257,1.63593427,2.469962305,2.188044622,-0.53130945,0.08230596,0.612608577,-0.138917069,-0.794106769,-1.138838621,0.278694931,-0.986569701,-1.73976542,-2.166131078,
Cayman Islands,,,,,,,,,,,,,,,,,3.162625227,-0.357401201,-7.200482447,-2.715635262,1.169062198,1.229753657,1.27933102,2.654527985,2.833122226,3.096282182,3.039349203,3.275573247,
Cyprus,0.739501203,9.399999016,0.700000488,5.899998701,8.362516887,1.2485459,2.640946453,6.110885385,4.997947682,5.965305338,3.952543113,3.722961077,2.623277743,5.026308655,4.852990324,4.713816363,5.098057233,3.646807042,-2.01526267,2.014706536,0.401443114,-3.446811823,-6.553077558,-1.863716857,3.374668503,6.746599362,4.361237966,4.056632292,3.230090314
Czech Republic,-11.61494236,-0.50654235,0.061904248,2.909309464,6.221406002,4.22281457,-0.594659087,-0.328715516,1.432839478,4.266741359,2.908764881,1.652494054,3.60298946,4.906563763,6.533468805,6.853522334,5.602643684,2.682282726,-4.802572092,2.273420054,1.777833186,-0.799844281,-0.483671042,2.715116133,5.309238518,2.450542386,4.35260352,2.846057677,2.565931233
Germany,5.108261508,1.92807343,-0.979339907,2.398049086,1.534797475,0.820953826,1.783637238,2.019047489,1.891959008,2.895186947,1.697732361,-0.198459063,-0.713533477,1.1899149,0.721853765,3.814587905,2.984077273,0.962266442,-5.697151628,4.178969038,3.924133418,0.41955108,0.428243262,2.225688749,1.739749823,2.229999967,2.465030029,1.527446298,0.564174893
Djibouti,,,,,,,,,,,,,,,,,,,,,,,,7.061543242,7.696085576,6.652650372,5.403099843,8.407662666,7.470318422
Dominica,1.346472042,2.029985816,2.162133124,0.034000997,3.030169106,3.104923915,2.185299673,3.773847243,0.354780288,2.339507407,-0.06280226,-2.828878531,6.353391594,3.050694695,0.65623311,4.658759483,6.353759422,7.120741901,-1.169757154,0.672795629,-0.223550688,-1.059000243,-0.999940631,4.447947365,-2.691108924,2.556494913,-6.79942797,2.264570234,5.663680185
Denmark,1.393634005,1.957006705,0.010687652,5.332462661,3.027587309,2.900099729,3.260890197,2.218158699,2.948022174,3.746862614,0.823153021,0.466345549,0.390058529,2.668219291,2.336641325,3.913007941,0.909238959,-0.512016735,-4.906547729,1.87099111,1.336777778,0.226499797,0.933340957,1.619393817,2.34259043,3.245957666,2.036165206,2.391329685,2.365846456
Dominican Republic,0.944138889,11.22093274,7.364513042,2.600354268,5.685430737,5.977825114,8.885269066,6.714477712,5.940049136,4.66176228,2.459516368,4.495103403,-1.345706185,2.570134279,9.428236947,9.174355406,7.415951715,3.209504262,0.946155168,8.33965106,3.133423003,2.717367897,4.875205093,7.05046369,6.927018772,6.659200263,4.666704677,6.982527585,5.087176037
Algeria,-1.200000585,1.800002303,-2.10000076,-0.89999655,3.79999479,4.09999847,1.099999937,5.100003612,3.200001551,3.8,3,5.6,7.2,4.3,5.9,1.7,3.400000001,2.399999999,1.600000001,3.6,2.900000001,3.399999998,2.8,3.800000001,3.700000001,3.2,1.299999999,1.400000001,0.8
East Asia & Pacific (excluding high income),7.917157609,10.73673833,10.8699349,10.63580708,9.7180171,8.935035273,7.025891886,1.743283384,6.10590796,7.499838608,6.707912854,7.853966406,8.722528968,8.910819723,9.701969576,10.75643421,12.1476784,8.432254166,7.704382339,9.772060174,8.466408807,7.51429473,7.201577802,6.875706269,6.620706029,6.475609462,6.63294546,6.450803318,5.830970017
Early-demographic dividend,4.924740328,4.134725662,3.277401477,2.955407954,2.787103258,5.512657503,4.735857103,1.96542452,1.564990998,4.468416759,1.031594321,1.577034983,4.818453059,6.71365354,6.095950747,6.157910783,5.865445115,3.466701219,0.639492086,6.161266356,4.970134372,4.243960822,4.294828645,4.014190351,4.622960157,4.822397328,4.69180996,4.000070361,2.819257988
East Asia & Pacific,4.466997748,3.417359881,3.153458387,4.318092563,5.116092688,5.106815005,3.474310924,-0.086108289,3.010586954,4.898924319,2.691654293,3.621017642,4.270803761,5.180051094,5.06637,5.542396218,6.48084312,3.536390672,1.386451557,7.069892522,4.610477702,4.694137392,4.769819801,4.189864561,4.199749197,4.091404124,4.759699147,4.169998952,3.763356211
Europe & Central Asia (excluding high income),-4.809817504,-10.52423786,-5.840175375,-11.2134438,-1.751700878,-0.145673554,2.91721258,-1.659118053,2.263542332,8.332598541,2.480246845,5.454527145,6.903381986,8.271881132,7.352225224,8.169663395,7.705848271,4.141109762,-5.945496199,5.617375447,6.2758365,3.959533232,4.039034253,2.196094665,0.843161461,1.510690477,3.955808105,2.928606059,1.687589841
Europe & Central Asia,0.41819244,-0.620312259,-0.842593808,1.065731556,2.125509115,1.765122409,2.920717312,2.594637083,2.91692853,4.274560064,2.287341926,1.69181687,1.832378149,3.250116777,2.768405742,3.976797023,3.677453525,1.028952089,-4.439124873,2.622468567,2.404684083,0.318386069,0.900190381,1.832642497,2.075784142,1.921193335,2.774833067,2.167933818,1.504683934
Ecuador,4.291342398,2.114310675,1.973218079,4.258250468,2.252548774,1.731747514,4.327864764,3.266529404,-4.739385791,1.091801564,4.0156299,4.096776659,2.722877337,8.211020917,5.291308267,4.403526434,2.190063972,6.3571306,0.566491592,3.525298669,7.868140919,5.641962067,4.946511267,3.788868549,0.098872608,-1.226383985,2.368386526,1.289291933,0.053718829
"Egypt, Arab Rep.",1.125404595,4.472859189,2.900790794,3.973172185,4.64245877,4.98873057,5.49235474,5.575497461,6.053438783,6.370003834,3.535251969,2.390204028,3.193454739,4.092071612,4.471744469,6.843838197,7.087827427,7.156283564,4.6735998,5.147234859,1.764571949,2.226199797,2.185466055,2.915911879,4.372019079,4.346643453,4.181221001,5.314121037,5.557683888
Euro area,2.623802264,1.394092548,-0.656763117,2.461403605,2.426411377,1.703680446,2.708636182,3.045275666,2.975610101,3.862616517,2.211884816,0.956412117,0.698735527,2.303670075,1.685591951,3.226920642,2.997535515,0.421088187,-4.501283557,2.133509092,1.686570264,-0.892120142,-0.252723021,1.401098519,2.113562951,1.912812898,2.539619844,1.920306097,1.281742016
Eritrea,,,13.45476252,21.22141136,2.858379037,9.258838371,7.908684909,1.772582792,0.013480241,-3.141985774,8.75543519,3.005429218,-2.655515842,1.451735534,2.57444953,-0.969216929,1.42682206,-9.783030037,3.87650156,2.194190545,8.679799936,,,,,,,,
Spain,2.546000577,0.929215431,-1.031491777,2.383195307,2.757494039,2.660524453,3.702580285,4.393037351,4.490491316,5.24599468,3.932948843,2.731022232,2.981894836,3.122795242,3.652032674,4.102727115,3.604687971,0.887145182,-3.763231927,0.163010231,-0.814373455,-2.959441302,-1.435394259,1.383907943,3.83517266,3.03130133,2.891768107,2.351008131,1.979100561
Estonia,,,,-1.642424556,4.526681888,4.935970591,13.04653582,4.33029527,-0.403434699,10.10651953,5.979603215,6.802390752,7.56669175,6.767457153,9.490296783,9.718758739,7.573580739,-5.088942028,-14.43386839,2.690331938,7.443934844,3.124843192,1.346187836,2.987325819,1.84488518,2.631567906,5.748802092,4.761158469,4.334487473
Ethiopia,-7.1374797,-8.672480148,13.14283398,3.189964582,6.127511414,12.42617378,3.133906851,-3.458139134,5.162145821,6.07321748,8.301306321,1.514725706,-2.161359722,13.57260314,11.81876595,10.83472707,11.456167,10.78852169,8.802553198,12.55053835,11.17829623,8.647811633,10.58227005,10.25749296,10.39246302,9.433482658,9.564189643,6.816147797,8.281361047
European Union,1.809376502,1.147449967,-0.565727203,2.653690461,2.663768367,1.894220062,2.663283069,3.018888612,2.960945008,3.903711387,2.188867053,1.123080812,0.927880698,2.603221838,1.930367002,3.495419274,3.154082413,0.64584514,-4.329825861,2.195382128,1.840318337,-0.74295681,-0.057509658,1.582201447,2.356600385,2.050405064,2.726316805,2.146790898,1.522885916
Fragile and conflict affected situations,-2.65171421,5.689842658,1.440755384,-0.48185227,2.807980979,3.132540947,5.998507905,4.858442467,0.344848879,3.289633954,3.776537148,-0.011983889,-2.635429175,14.06658247,7.717884582,7.546910033,6.847641349,5.775323986,2.874388063,4.349112178,0.673947712,7.812797683,3.885851923,1.14345085,1.923307697,2.847300814,1.959014939,2.20939675,
Finland,-5.886333926,-3.294332658,-0.661365222,3.963787851,4.217561457,3.667308752,6.334235003,5.456998734,4.379653886,5.773365748,2.609747454,1.707101852,2.003701547,3.992337766,2.779621083,4.027450761,5.299005391,0.784016815,-8.074615575,3.185911572,2.547530337,-1.397354558,-0.902018497,-0.364940281,0.543559262,2.710516404,3.100383586,1.630081492,0.97958181
Fiji,-2.700003729,6.10000191,2.130032421,5.099999609,2.499998538,4.80000043,-2.199999369,1.300000452,8.799998719,-1.699998416,2.000000147,3.199999114,0.999999345,5.299999705,0.700000402,1.852483872,-0.85065431,1.03279422,-1.386037708,2.954672422,2.705143029,1.411314382,4.73421949,5.603514406,4.663808104,2.509785436,5.42574095,3.526209417,1.063260344
France,1.048175827,1.59934269,-0.628666371,2.358342207,2.106695234,1.412993685,2.336296498,3.588659438,3.421373816,3.923669204,1.983721402,1.135531488,0.823160778,2.829752929,1.66322,2.449323601,2.424736238,0.254945946,-2.873313852,1.949437633,2.192700652,0.313134742,0.576326679,0.956183048,1.112912341,1.095464395,2.291419985,1.792863954,1.508594035
Faroe Islands,,,,,,,,,,,,,,,,,,,,,,,,,,,,,
"Micronesia, Fed. Sts.",7.427341227,4.008016032,8.140655106,-0.534521158,7.014464845,-3.182371519,-6.060937437,2.85051586,1.37443839,4.833903786,2.167602441,0.546997672,1.572115067,-3.080153047,2.041867164,-0.081055293,-1.836185294,-2.408492587,1.093099241,2.259389956,3.188574755,-1.866819755,-3.679767791,-2.305775745,4.621884004,0.900180417,2.682185944,0.2116536,
Gabon,6.112503483,-3.090145652,3.946555008,3.712754841,4.973847763,3.62504902,5.738367395,3.477833587,-8.932622802,-1.882966398,2.135233422,-0.249033169,2.247330012,0.689543058,2.676203333,-2.806578356,6.008108025,-3.308430649,0.13033112,7.089887315,7.091753343,5.251076918,5.638699003,4.314964441,3.878899395,2.091442208,0.479762271,0.835804969,3.394110152
United Kingdom,-1.103121625,0.401082055,2.489830948,3.846009174,2.531670028,2.491533163,3.854829952,3.644853405,3.42822335,3.437471622,2.97436368,2.324351102,3.286377571,2.373951441,3.179728924,2.788324559,2.430553212,-0.28115359,-4.247821747,1.949521482,1.540147368,1.478923947,2.139485701,2.607475906,2.355524306,1.918155106,1.892077038,1.340720577,1.408642101
Georgia,-21.10000066,-44.89999966,-29.30000167,-10.39999419,2.599996992,11.20000185,10.51904137,3.104902738,2.869257036,1.838341216,4.805452693,5.473836866,11.05872351,5.794496457,9.589574013,9.419770645,12.57895315,2.418571773,-3.65051371,6.249487689,7.4,6.369008306,3.621305352,4.431924823,3.02220738,2.90643878,4.842603225,4.869934776,5.136813264
Ghana,5.281826369,3.879419072,4.850000569,3.299999809,4.112418929,4.60246109,4.196357458,4.700390844,4.399996886,3.70000004,4.000000099,4.499999578,5.200000074,5.599999989,5.900003916,6.399912502,4.346819164,9.149798975,4.844486998,7.899711889,14.04712363,9.292789405,7.312525007,2.897438837,2.178206744,3.447792991,8.143446549,6.263480732,6.478394805
Gibraltar,,,,,,,,,,,,,,,,,,,,,,,,,,,,,
Guinea,2.613423005,3.270947301,5.044144542,3.970099106,4.607673202,4.461575085,5.181603459,3.644121242,3.812004035,2.503060562,3.658346471,5.164609466,1.24860126,2.340117313,2.997272562,1.180140446,6.827474427,4.133009508,-1.122641858,4.813362961,5.61210719,5.915288138,3.945685431,3.696541182,3.825922386,10.81838382,10.3381214,6.181138937,5.576968903
"Gambia, The",3.107039222,3.378688791,3.012101374,0.15434596,0.881848241,2.223545638,4.89999911,3.499998702,6.39999905,5.500000216,5.800000243,-3.25000015,6.869999622,7.050000001,-2.351729362,-0.555580977,3.043249508,6.255905534,6.665724308,5.90833581,-8.130444223,5.241569246,2.87276879,-1.407382495,4.058073804,1.943359655,4.822611249,6.547026565,5.975204332
Guinea-Bissau,5.100000023,1.099999971,2.1,3.20000002,4.400000008,11.6,6.5,-28.09997973,1.025537409,5.426987367,2.188906815,-0.985177525,0.568510176,2.76140199,4.266098931,2.309357998,3.262955456,3.203567307,3.368974958,4.6109709,8.084779734,-1.712683012,3.255904265,0.964560751,6.134082941,6.262805638,5.919176626,3.799999998,4.600094045
Equatorial Guinea,-1.022238878,34.74532003,11.03321304,16.66883554,17.48626373,66.57999722,149.9729635,23.77448233,25.66401544,18.21377996,63.37987543,19.46283404,13.95525032,37.99872686,16.74870061,7.704917607,15.28211392,17.79910913,1.343356288,-8.924175889,6.52392363,8.312871844,-4.133198501,0.415066302,-9.110041149,-8.816417232,-5.667502957,-6.356339113,-5.576308454
Greece,3.099999989,0.700000005,-1.599999962,2.000000025,2.099719744,2.862128909,4.484199082,3.89490478,3.072596688,3.919770758,4.131612081,3.922871813,5.794531239,5.06099261,0.59914208,5.652433669,3.273746904,-0.335172577,-4.300733661,-5.479037102,-9.13249413,-7.300493961,-3.241425056,0.739777139,-0.437833938,-0.190952296,1.505099339,1.934370883,1.870869674
Grenada,1.385545812,-0.851148756,-1.958815581,1.693556044,2.12947515,4.438234716,5.015494609,11.75350299,6.898362434,4.887952137,-2.023900041,3.43732353,9.463973431,-0.647450316,13.27306387,-3.992680103,6.123450947,0.947542625,-6.613281348,-0.511262754,0.764976824,-1.155143735,2.351418773,7.344076522,6.443143733,3.735614132,4.442740288,4.141152838,3.126316984
Greenland,-0.113464597,-5.111700032,-5.027932629,5.924369801,3.728677489,1.529637361,1.468926381,7.757981745,1.377884445,7.101596882,1.269035079,-0.971177311,4.430045721,6.906582837,4.987491771,5.555694901,2.352437981,6.166132702,0.865952329,1.735825059,-0.496519392,1.39419336,-1.298280693,4.742135673,-2.529318024,4.68195411,0.468546638,3.218027331,
Guatemala,3.658248724,4.838338846,3.927131982,4.033741482,4.948547512,2.957779892,4.364089915,4.99352783,3.847062178,3.608868735,2.332574853,3.866625999,2.530791568,3.152081729,3.260112083,5.379776804,6.304053689,3.281079845,0.526042967,2.869487753,4.162048937,2.969857408,3.6975861,4.443978074,4.092170577,2.677802555,3.023430687,3.214906243,3.845997853
Guam,,,,,,,,,,,,,0.920598389,6.431014823,3.535461753,-3.828642384,0.81773187,1.728922092,0.314729333,2.091612633,0.12292563,2.025782689,1.825110309,1.733307071,0.464666021,0.289073039,0.24980784,-0.26835346,
Guyana,6.057866176,7.757885792,8.175105483,8.532423179,5.031446546,7.955517536,6.180665622,-1.679104496,2.960151809,-1.363803905,2.279521662,1.132626964,-0.632225403,1.563352113,-1.950957583,5.129609339,7.019640482,1.976647054,3.552158264,4.13856435,5.196059258,5.276422643,5.017724952,3.898243206,3.05486454,3.363216124,2.100003391,4.10000155,4.695891722
High income,1.465278414,2.034461475,1.201884222,3.186907093,2.875374377,2.970113592,3.323406012,2.71464988,3.253482033,4.029861406,1.520097583,1.538520206,2.194719778,3.344374153,2.874163695,3.152389927,2.81557006,0.420931463,-3.321989813,2.945270769,1.864426464,1.289152164,1.457670756,2.028728801,2.338297568,1.712376842,2.379795354,2.284749497,1.680877995
"Hong Kong SAR, China",5.70190894,6.234947896,6.201130971,6.036033818,2.373770334,4.258486193,5.099699753,-5.882676268,2.506699068,7.663462613,0.560858778,1.656653575,3.056285345,8.700065364,7.388127865,7.032622642,6.464707959,2.12795591,-2.459082519,6.767673883,4.814676144,1.700274771,3.10154978,2.762391998,2.387811327,2.169474791,3.79100548,2.861564934,-1.18827235
Honduras,-3.319308423,6.073687877,6.495718208,0.211903499,6.189304558,1.870776294,4.598083062,3.590233034,-0.735651085,7.291288159,2.723193273,3.754337861,4.547038052,6.232302961,6.050599222,6.567243552,6.188327167,4.23160011,-2.43162788,3.731140344,3.835690662,4.128687749,2.791559757,3.058080562,3.840079971,3.892972197,4.842913911,3.696729569,2.65276116
Heavily indebted poor countries (HIPC),0.716744161,-0.476091596,0.705057119,0.056601715,5.026247781,5.091156822,4.179870461,3.559631557,3.170434274,2.676474829,4.295609292,3.615304317,4.547624559,5.513358139,5.999020252,6.230130141,6.387299191,6.029700195,4.298676473,5.411187404,5.336533474,5.430713979,5.718635464,5.522912612,4.941254543,4.583082627,5.103087668,4.156384547,4.065539823
Croatia,,,,,,5.833906799,6.752751993,2.002983,-0.817996693,3.278903636,3.346698704,5.11601335,5.640290047,4.160412101,4.314036876,5.000809144,5.266387536,1.759642107,-7.359418089,-1.49643077,-0.309789162,-2.237647541,-0.548548489,-0.103928497,2.437170928,3.483703076,3.13913464,2.694689228,2.93606564
Haiti,1.880544734,-5.309932918,-5.426295999,-11.9506293,9.897707497,4.140773327,2.704713913,2.18184035,2.710248002,0.870059257,-1.044374472,-0.251464388,0.363800265,-3.52288825,1.805011319,2.249221435,3.343278665,0.843944574,3.083247861,-3.12239443,5.523740015,2.892240172,4.247639994,2.776300137,1.224329778,1.452710152,1.17328004,1.483879788,-0.93487001
Hungary,,-3.064180345,-0.576108517,2.947154557,1.489525476,0.082416143,3.143124132,3.900002498,3.071027457,4.479191685,4.074093318,4.741278865,4.084526805,4.822851425,4.243625768,4.031013321,0.242177777,1.058291669,-6.699554727,0.664291825,1.819079958,-1.471788851,1.962984049,4.195082409,3.845557706,2.199998761,4.322809001,5.094002564,4.927792275
IBRD only,0.981183132,0.885598056,2.98236399,2.630823506,3.726797245,4.903291815,4.981715847,2.014079016,3.161134408,5.620145947,3.279379957,4.114134195,5.334912579,7.699117342,6.898823187,7.917702128,8.478727962,5.554139162,2.021045139,7.30772253,5.998877298,5.060084734,4.974684624,4.318796052,3.911307814,4.323780143,4.958541551,4.652286071,3.92964936
IDA & IBRD total,1.019024574,0.951507717,2.81583299,2.488185471,3.698519396,4.895166047,4.865840481,2.097184853,3.15091745,5.504724383,3.373177523,4.22420082,5.327097125,7.635274533,6.856119883,7.807365579,8.345506531,5.539418045,2.235928461,7.225961957,5.916960618,5.029967877,5.036134264,4.411301188,3.917988894,4.25160832,4.911059384,4.634971498,3.913119572
IDA total,1.542079431,1.857496963,0.551821576,0.518347154,3.29966908,4.779438512,3.213587896,3.302843232,3.004544043,3.841448537,4.738379538,5.803643125,5.217682685,6.740494952,6.25224117,6.237572307,6.420147554,5.322548235,5.375116551,6.069556163,4.744822204,4.593354226,5.930964527,5.74620147,4.011456995,3.238448764,4.237489691,4.392732805,3.679159237
IDA blend,1.780424015,3.021961876,-0.438048921,0.654891742,1.807769655,4.631355251,2.113877051,2.702977124,1.97699814,3.778153495,4.445453391,7.595402389,5.162214217,7.580076727,5.934392109,5.747693115,5.855338309,4.313517882,6.004541536,6.285686848,4.834123416,4.492200022,5.815287173,5.942486861,3.906069147,1.563342791,2.749913693,3.57156085,2.262618559
Indonesia,6.911982836,6.497506517,6.49640812,7.539971096,8.220007399,7.818187077,4.699878854,-13.12672549,0.791126082,4.920067747,3.643466447,4.499475391,4.780369122,5.030873945,5.692571304,5.500951785,6.345022227,6.0137036,4.628871183,6.223854181,6.169784208,6.030050653,5.557263689,5.006668426,4.8763223,5.033069183,5.069785901,5.169705609,5.024714022
IDA only,1.26661782,0.504863421,1.726728101,0.362501053,5.007419523,4.943157217,4.425799847,3.949436732,4.098850932,3.90748197,5.04013815,3.968863679,5.27543627,5.867265325,6.58817717,6.752151889,7.007852868,6.361174177,4.753007907,5.853385549,4.655139724,4.695355313,6.04738401,5.549089157,4.117683278,4.938427716,5.69859949,5.17679413,5.03922513
Isle of Man,1.604993955,0.787287703,2.568272591,4.003670714,4.280900017,7.715991567,8.581537711,13.50925462,13.69322045,5.338360755,5.376162758,5.868976166,6.327778682,5.199996153,5.900005219,7.700000963,7.457066814,4.699998522,2.099999803,3.399999672,2.00000146,3.199999724,4.499999713,5.000000801,-0.900000388,7.399999657,3.6,,
India,1.056831433,5.482396022,4.75077622,6.658924067,7.57449184,7.549522249,4.049820849,6.184415821,8.845755561,3.840991157,4.823966264,3.803975321,7.860381476,7.922936613,7.923430621,8.060732573,7.660815065,3.08669806,7.861888833,8.497584702,5.241344743,5.456358951,6.386106401,7.410227605,7.996253444,8.256305844,7.043820855,6.119586841,5.023873428
Not classified,,,,,,,,,,,,,,,,,,,,,,,,,,,,,
Ireland,1.929639549,3.343274316,2.692609201,5.755826918,9.634422339,7.414229402,10.90372998,8.691343888,10.50355958,9.445750602,5.278431341,5.919816051,3.019969048,6.721353321,5.700089237,5.070901037,5.32426724,-4.480383335,-5.079212673,1.809979744,0.343440795,0.225714843,1.351634004,8.556687985,25.16253305,3.677815811,8.145296156,8.169870933,5.549767053
"Iran, Islamic Rep.",12.38338222,2.834727725,1.039997884,-1.51158775,2.282661073,5.173283486,0.482046871,2.177823133,0.855458607,5.8580666,0.778638733,7.26555113,8.734584435,4.374509277,3.189804087,4.999795262,8.155773524,0.250856553,1.007385458,5.797938302,2.645717918,-7.44455703,-0.194073471,4.60341888,-1.32064512,13.39624446,3.755187367,,
Iraq,-64.04710658,32.59220783,30.28983174,3.854531293,2.120021635,11.02078741,21.23793536,34.85709471,17.58226641,1.406474735,2.30531667,-6.900180689,-33.10083738,54.15777429,4.400617409,10.15819912,1.377598148,8.228107104,3.379299094,6.402564845,7.5464712,13.93643017,7.6,0.7,2.477664617,15.21246273,-2.494642939,-0.563615472,4.400913395
Iceland,-0.223525515,-3.373894142,1.313449463,3.608857942,0.116583701,4.573163759,5.760475183,7.095560544,4.043050083,4.891593312,3.898810674,0.681171,2.268136975,8.042204823,6.33000007,5.248821179,9.365319366,1.991980819,-6.777215089,-3.4358756,1.881620325,1.296437613,4.133851125,2.08262316,4.748984991,6.627036642,4.545982894,3.814422976,1.918676882
Israel,7.726115162,7.759266099,4.116756394,7.427845269,6.602924836,5.032816996,3.929672677,3.916893555,3.114597068,7.45518208,0.118821461,-0.014860639,0.970458596,4.185882318,3.911693332,5.564435107,5.773482555,2.996483061,0.924262605,5.601137671,4.783497489,2.257237548,4.148054552,3.75820019,2.290092123,3.982046375,3.536703188,3.453702518,3.514084546
Italy,1.538447558,0.834275461,-0.85280575,2.151023645,2.886836738,1.266784802,1.830212234,1.810615162,1.625727599,3.786955143,1.951371556,0.253942999,0.138626891,1.423594158,0.817848974,1.790639681,1.48707298,-0.962012841,-5.280937208,1.713295839,0.707333347,-2.980905768,-1.841065451,-0.004547542,0.778304351,1.293462732,1.667859041,0.798119353,0.301256161
Jamaica,4.838238753,1.955542502,9.417102567,1.383389803,2.349957041,-0.113731206,-1.140459872,-2.334553543,1.047673871,0.878703548,1.344929564,1.997290944,3.666317593,1.3237251,0.893797936,2.89912535,1.431954037,-0.811736703,-4.336650187,-1.466059299,1.730376267,-0.61363604,0.501560583,0.691478109,0.92268214,1.375638727,1.003365318,1.940878147,0.7
Jordan,1.823896089,18.66483541,4.630915218,4.986439999,6.186342585,2.08734725,3.307893492,2.993937979,3.409474861,4.2452474,5.268616307,5.78448103,4.161049725,8.567298292,8.146582942,8.09333143,8.175719103,7.232408413,5.476580856,2.311392415,2.586784416,2.651170748,2.82876664,3.096330347,2.391695959,2.003733625,2.115732889,1.940292205,2
Japan,3.417496762,0.848069581,-0.517919847,0.993066363,2.742140322,3.099999291,1.076045234,-1.128409829,-0.251954272,2.779632825,0.406335903,0.117992777,1.528220148,2.204687882,1.662670405,1.420006556,1.654183881,-1.0935406,-5.416412797,4.191739259,-0.11542134,1.495089586,2.000267841,0.374719476,1.222921041,0.521944455,2.168290737,0.323207338,0.65415165
Kazakhstan,-11,-5.299999999,-9.200000002,-12.6,-8.200000001,0.500000002,1.699999999,-1.899999999,2.699999998,9.800000002,13.5,9.8,9.3,9.600000001,9.699999999,10.7,8.9,3.3,1.199999999,7.3,7.400000001,4.8,5.999999999,4.200000001,1.2,1.1,4.1,4.1,4.5
Kenya,1.438346791,-0.79949396,0.353197256,2.632784519,4.406216526,4.146839267,0.47490192,3.290213723,2.305388596,0.599695392,3.779906496,0.54685953,2.932475546,5.104299776,5.906666082,6.472494299,6.850729771,0.232282746,3.306939815,8.405699224,6.10826372,4.563209131,5.878680567,5.357125644,5.718507133,5.878949299,4.805696524,6.318450702,5.365748965
Kyrgyz Republic,-7.943925234,-13.83783784,-15.45932821,-20.08515883,-5.423821885,7.084502419,9.915253875,2.121835252,3.655789406,5.443336616,5.321621411,-0.017324619,7.03029322,7.026812413,-0.175515391,3.102898735,8.542874743,8.401616094,2.886294569,-0.471566606,5.956274309,-0.088150213,10.91546948,4.024038629,3.875825443,4.335855889,4.739937254,3.757910117,4.507138923
Cambodia,,,,-34.80863877,9.903468901,5.89750561,4.006621073,4.681632108,12.70538113,10.7119948,7.446606976,6.578939503,8.505895557,10.34052878,13.25008691,10.77108367,10.21257391,6.691577475,0.086696959,5.963078575,7.069569946,7.313345505,7.356665149,7.142571101,7.036087179,7.030966776,6.829082448,7.469169207,7.054106932
Kiribati,0,0.877192982,0.869565217,1.724137931,0,1.694915254,1.666666667,6.557377049,-1.538461538,6.25,-1.470588235,3.787462687,2.006324636,-1.629360204,4.951631626,-0.049295323,2.034947265,-2.091436758,0.802751509,-0.923884657,1.594561102,4.713319136,4.214773912,-0.697828087,10.40540793,5.135383281,0.89150817,2.313157811,2.247365963
St. Kitts and Nevis,-1.864215277,4.268852621,6.802138262,5.3011506,5.383107021,5.843029251,6.823619111,-0.486261685,3.21938691,10.40719276,5.517255631,2.469697331,-3.444248985,4.057900322,9.695234587,0.91133505,0.600602327,6.120991562,-4.048430426,-0.608199471,1.827860477,-2.227457937,5.383660209,6.285846488,1.031663672,2.827896164,-1.977809937,2.923924282,2.504709007
"Korea, Rep.",10.77805613,6.198642798,6.877474129,9.268666338,9.614565393,7.890703326,6.170552427,-5.129448165,11.46694243,9.060833325,4.852399572,7.725142675,3.147291194,5.197391363,4.308542714,5.264326595,5.799548415,3.012984873,0.79269899,6.804824918,3.685667782,2.402530992,3.164708636,3.202453795,2.809103268,2.946881715,3.15963574,2.664930346,2.033150971
Kuwait,,,33.99046756,8.436165645,4.858291252,0.605127159,2.473325258,3.662054728,-1.789009125,4.694581871,0.213332576,3.014283152,17.32602042,10.24029806,10.60904498,7.514773,5.991575511,2.479756943,-7.076056431,-2.37026412,9.628406975,6.6258183,1.149300437,0.500876982,0.593019617,2.925868226,-4.712106209,1.246273814,0.412348553
Latin America & Caribbean (excluding high income),3.37936177,2.159881633,3.65499636,4.566861713,1.205592313,3.39536317,5.015351328,2.003679063,-0.017184984,3.783196359,0.67730402,0.178918282,1.443704993,6.258683091,4.319756669,5.356309173,5.681188443,4.041978458,-1.924842018,6.019958714,4.384145361,2.697654649,2.76421627,0.953691338,-0.06697345,-0.474855635,1.872923795,1.541968624,0.799242896
Lao PDR,4.296563641,5.559857768,5.912556556,8.15901853,7.031254328,6.928323725,6.872091273,3.967608091,7.306376073,5.798782326,5.751412882,5.918743682,6.067002304,6.35769548,7.107568369,8.619266209,7.596828801,7.824902763,7.501774913,8.526905517,8.038652681,8.026098434,8.026300226,7.611963441,7.270065843,7.022836255,6.892530873,6.247960008,4.651887119
Lebanon,49.44737918,16.43834571,10.7656698,8.105241978,6.448862568,11.28593572,1.054966669,3.665723784,-0.525584634,1.341871619,3.839669278,3.423149827,3.227098269,6.679444617,2.68577931,1.549515002,9.310622525,9.069128269,10.23215558,7.975135559,0.867339877,2.540542492,3.811023284,2.461361188,0.211611959,1.529520107,0.850699559,-1.926404771,-5.637170641
Liberia,,,,,,,,,,,2.920272969,3.763018282,-30.14513259,2.619847686,5.281212071,8.043906248,9.535279869,7.145688998,5.300539377,6.099827602,8.20076584,7.993815693,8.704028066,0.701143912,0,-1.599584075,2.468626095,1.222551313,-2.278245125
Libya,,,,,,,,,,3.679213293,-1.762878168,-0.958849381,13.01600108,4.461629982,11.87072893,6.500547227,6.352316994,2.66735579,-0.790141832,5.021289739,-62.07591958,123.1395552,-13.59999997,-24.00000003,-8.862039363,-2.79546889,26.68090263,15.13279989,2.535953478
St. Lucia,0.375676715,7.953077163,0.583200294,1.598560532,1.748223321,2.92258887,-0.694130712,6.286472042,2.67060488,0.048748424,-3.408064222,0.416450458,4.264610998,7.267408929,-0.410303993,6.195256154,1.691618574,4.94932194,-2.828899548,1.603862385,5.483411333,-0.19985174,-3.174377604,1.758665901,-1.360484662,3.986868948,3.48884866,2.639462354,1.728838432
Latin America & Caribbean,3.470809223,2.52856546,3.746420621,4.581883828,1.518413155,3.518731045,5.131881075,2.230076368,0.132126764,3.791882496,0.881777967,0.289906365,1.558354079,6.340903409,4.255699474,5.26532864,5.510392416,3.919559445,-1.88576295,5.850165718,4.365838702,2.784156964,2.784873636,0.990677867,0.090086853,-0.336701964,1.772358851,1.571038613,0.83169257
Least developed countries: UN classification,1.671491447,0.367930597,-0.912558799,0.733633659,6.040898996,5.846638159,4.754179402,3.967323706,4.159151104,4.114285987,5.273260443,5.357188786,5.392638625,6.668879845,8.039430097,7.608354183,8.262524955,7.100235727,4.708143845,5.927342855,4.351384747,4.765631988,5.813984392,5.594549739,3.634922939,4.021821811,4.861689154,4.41601772,4.412191503
Low income,0.535594635,-2.35222213,-0.251251399,-0.329955518,4.748139619,4.835027702,4.691184402,3.464906385,3.283916615,2.87574351,5.170342163,4.278138664,5.135842289,5.695048736,6.940762815,6.738066549,7.574839706,6.51884719,4.943895413,5.80202708,3.259449245,2.33031631,5.69368873,5.026018109,2.091299026,3.881725518,4.364274141,3.587062957,3.884034719
Liechtenstein,1.801170074,3.608293844,4.332101206,6.866144132,5.8755504,6.9053018,7.225134855,7.761262837,10.4109232,3.220193082,-0.733092455,-0.993919947,-1.937565341,3.039172103,4.828076777,8.644968573,3.325963509,1.798088478,-1.15748292,,,,,,,,,,
Sri Lanka,4.599987245,4.399991252,6.900063252,5.599918727,5.500085232,3.799967205,6.405399698,4.698423046,4.300540498,6.00003316,-1.545408134,3.964675686,5.940269078,5.445061278,6.241748045,7.6682919,6.796826119,5.950088145,3.538912053,8.015967371,8.404733021,9.144572246,3.39573265,4.960700592,5.007683305,4.486634531,3.578169679,3.306417413,2.283465301
Lower middle income,0.185942914,2.009677553,0.365939014,1.591187743,3.987164075,5.392326915,3.44285207,4.376423526,5.297728239,4.171055436,4.545742395,4.673483778,6.431893713,7.235142065,6.62696141,6.879216826,6.878611342,4.239900057,4.888199379,6.85723161,4.856166527,5.075713239,5.534422745,5.798121125,5.655934957,5.609327732,5.476608472,5.180941775,4.367327759
Low & middle income,1.298344431,0.836897147,2.690819141,2.348707778,3.537948784,4.852511566,4.878281105,2.020413224,3.231295728,5.587807302,3.432274585,4.293283702,5.418815418,7.697677518,7.006058697,7.88453559,8.441371425,5.561692642,2.381265597,7.450147965,5.980671151,5.144451962,5.147605967,4.475876266,3.947673049,4.303920022,4.935707132,4.635109809,3.948287965
Lesotho,6.966607113,6.956364957,3.509766478,5.979873128,3.290938546,5.597035759,3.703603596,1.53765564,0.476025102,3.875546814,3.561582191,0.723835961,4.559776811,1.692374206,3.466122481,4.230094854,4.832963734,6.739533599,2.154308341,0.824824732,5.355154921,6.743626941,4.186912204,2.883968844,2.650144247,5.04708319,-1.321685153,-0.452672856,1.516001439
Late-demographic dividend,0.42640024,-0.731770266,3.34292225,3.355677301,4.99625009,4.350744742,5.016969806,2.089515173,4.142136977,6.773491933,4.702440412,5.532120673,6.284784762,7.886956966,7.179723586,8.730678629,9.6124777,6.512795951,2.640771897,7.627619025,6.691945968,5.413043345,5.210318761,4.649659954,3.974405052,3.824631244,4.896119868,4.965887898,4.351107873
Lithuania,,,,,,5.149958874,8.29322887,7.467175524,-1.134642745,3.831667298,6.524430686,6.76074952,10.53856495,6.550083061,7.727407902,7.406444213,11.08695428,2.628077961,-14.81416316,1.482232441,6.025638091,3.833302764,3.558424631,3.507971217,2.033148074,2.555939567,4.247576754,3.644756532,3.930407976
Luxembourg,8.644190576,1.819652818,4.200648038,3.820921143,1.43220018,1.388428482,5.709717037,6.044651558,8.481002665,8.239799144,2.531975137,3.819469658,1.629286955,3.61217677,3.172442781,5.178485863,8.354553277,-1.279585581,-4.358606952,4.864968492,2.539234883,-0.352519229,3.654370259,4.29678635,4.306432538,4.574600283,1.801181703,3.110836266,2.296979166
Latvia,,,,,,2.546055891,8.939248496,6.365163887,2.827793551,5.595198197,6.319061922,7.115967072,8.436383846,8.34135916,10.743382,11.88809669,10.01085145,-3.346367079,-14.23814673,-4.473441198,6.285118615,4.13423165,2.328004263,1.915190378,3.260524381,1.773809577,3.787313758,4.284825163,2.197441768
"Macao SAR, China",3.658891619,13.29888221,5.186756963,4.252290638,3.296713233,-0.419289047,-0.279530951,-4.570537005,-2.359157206,5.747126437,2.888709966,8.947125877,11.6529262,26.75553967,8.059504542,13.31416375,14.44762729,3.393868181,1.32131501,25.26350562,21.67270765,9.237314193,11.20009044,-1.201089674,-21.59453159,-0.718343471,9.887584069,5.442542619,-4.710859447
St. Martin (French part),,,,,,,,,,,,,,,,,,,,,,,,,,,,,
Morocco,7.216088161,-2.097738761,-0.740591692,10.5880004,-5.405447867,12.37287628,-1.560702356,7.23855269,1.081332562,1.912872981,7.319967454,3.121449656,5.961162155,4.797018362,3.291639684,7.574631645,3.531594152,5.923277686,4.243757321,3.815717917,5.245697297,3.009961262,4.5354242,2.669493927,4.536378168,1.05985639,4.234850054,2.99021417,2.3
Monaco,1.015127899,1.366640153,-0.913917519,2.215623411,2.117152311,1.110730002,2.237248754,3.503266589,3.300542834,3.910229226,2.187732536,1.026495079,1.087536596,2.470484448,1.895415281,5.803936536,14.42889902,0.666834793,-11.30000062,2.099999899,7,1.000000923,9.599998464,7.200000717,4.899999169,3.500001391,-3.40000081,6.100000475,
Moldova,,,,,,-5.877060205,1.647064503,-6.542192023,-3.368254529,2.107716048,6.100000413,7.799999641,6.600000038,7.39999969,7.500000139,4.79999985,3.00000024,7.800000145,-6.000000289,7.100000084,5.818166405,-0.589734135,9.043865528,4.999625584,-0.338235296,4.408886743,4.690793428,4.301477928,3.456278122
Madagascar,-6.306351594,1.180884942,2.099923187,-0.042101301,1.678592317,2.154204476,3.693492616,3.917074599,4.699227044,4.456858938,5.980235764,-12.4079711,9.784892121,5.257003621,4.755845097,5.39850845,5.710564197,6.71263895,-3.978708646,0.619229746,1.578429421,3.011146408,2.300386934,3.339202244,3.132295888,3.993146085,3.933316171,4.564782759,4.8
Maldives,,,,,,7.858646927,8.39794083,7.494683025,6.175655828,3.845810392,-3.943634354,7.268386313,13.75004982,6.033754049,-13.12905343,26.1114935,7.713867271,9.485332661,-7.228841465,7.265129068,8.566733531,2.517383942,7.281073979,7.329626203,2.88454853,6.338300636,6.803666022,6.888817196,5.215999257
Middle East & North Africa,4.216601107,4.737692555,2.854289144,2.683101221,2.970303108,4.725284509,3.381856973,4.565691703,1.728917737,5.736460926,1.198584428,1.595102168,5.487214826,7.998390977,5.067419851,6.032982249,5.172698058,4.495773863,0.49553964,5.051637445,3.681000215,3.889395525,2.707693465,2.905446937,2.375418722,4.962428475,1.716279566,2.380202644,1.808834379
Mexico,4.214754839,3.541102416,1.941155848,4.941080676,-6.291230821,6.773258694,6.846852279,5.163925168,2.753554247,4.942453715,-0.404390127,-0.039844481,1.446382684,3.92059081,2.307807066,4.495077894,2.291445714,1.143584587,-5.285744137,5.118118143,3.66300793,3.642322679,1.354091962,2.804340128,3.287991599,2.910546459,2.118082347,2.135958121,-0.145602325
Marshall Islands,0.087857171,7.140856686,6.006240711,5.877698907,8.213231779,-10.3029487,-6.445658091,-0.819364189,-1.255150744,1.354077564,6.826071065,3.741465386,-1.615867178,0.949277964,2.28478911,0.66815941,2.769118673,-6.753094595,1.443806379,7.555390306,-0.75614346,-2.370339048,3.717627874,-0.939965317,1.591288446,1.306665887,4.056644584,3.62475276,
Middle income,1.310143963,0.885854773,2.734844215,2.387603284,3.520856614,4.852760632,4.880945929,1.99988269,3.230537087,5.626758398,3.407701477,4.293501473,5.423056604,7.727611039,7.007016267,7.901338261,8.453934414,5.547928284,2.342231075,7.47589068,6.022513127,5.186367323,5.139693143,4.467862621,3.975330679,4.309965096,4.943855446,4.650279854,3.949171924
North Macedonia,-6.170767647,-6.565198677,-7.469271319,-1.758166181,-1.114727694,1.185103889,1.439981337,3.378735647,4.339027913,4.549135783,-3.067256625,1.493665472,2.222601657,4.67408958,4.724088642,5.137025162,6.473486858,5.47200139,-0.358614857,3.358750858,2.339886045,-0.456183224,2.925257665,3.629123513,3.85586514,2.848205194,1.081772738,2.720146905,3.550583873
Mali,11.74520379,-3.21866249,3.172168177,3.779934051,0.921022398,7.055785404,4.829024339,7.57166764,5.700943654,-0.060834972,15.37623946,3.106308252,9.119041995,1.559998661,6.534778775,4.662186878,3.493616813,4.773145081,4.806322267,5.313935279,3.21313378,-0.836627497,2.303766958,7.101422348,6.167479219,5.764064945,5.418533372,4.650586624,5.040000002
Malta,6.256492082,4.690932431,4.480749359,5.651104737,6.342493183,3.777335762,5.256980145,5.125601231,4.719974882,6.770193911,0.608353735,2.982818376,2.543768573,0.443412531,3.783652259,1.828716884,3.986448706,3.346512731,-2.462277722,3.542683214,1.359032199,2.794168722,4.838855793,8.790634242,10.85764213,5.830075673,6.471192809,7.314223828,4.384096283
Myanmar,-0.650616908,9.660942453,6.039410227,7.477958358,6.948051437,6.442715347,5.651582963,5.866213153,10.94512998,13.74593056,11.34399707,12.02551343,13.84399689,13.56466162,13.56895002,13.07610138,11.99143524,10.25530539,10.5500091,9.634439452,5.591482378,7.332670447,8.426001025,7.990915597,6.99284029,5.7500645,6.404977325,6.750460146,2.887960733
Middle East & North Africa (excluding high income),-1.393641506,4.706366996,2.791727709,1.443618674,2.55890618,6.091471672,3.272214018,6.816291801,4.267091385,4.442677491,2.226878756,3.332000156,2.783558916,8.022835886,4.537093092,5.489564472,6.102971572,3.525019446,2.557067513,5.265009941,-0.929854982,2.804763166,1.702575768,2.111490659,0.737439206,7.804566892,2.920821093,,
Montenegro,,,,,,,,4.900006713,-9.400001407,3.100000184,1.099842719,1.90393392,2.482659361,4.426052958,4.180601527,8.566419508,6.810150491,7.222750274,-5.79509379,2.73433925,3.228451021,-2.723796788,3.548980552,1.783712681,3.390359875,2.949285705,4.716464368,5.077887395,3.620808341
Mongolia,-8.693544731,-9.256465705,-3.168791549,2.134382694,6.376426887,2.235093844,3.896713583,3.3399366,3.07036901,1.146062137,2.952710544,4.732978465,7.004634575,10.62540596,7.25366544,8.556234809,10.24801636,8.900367946,-1.268598941,6.365161685,17.29077758,12.31981985,11.64891619,7.885225482,2.379835807,1.168393456,5.337037933,7.246629636,5.099167896
Northern Mariana Islands,,,,,,,,,,,,,0.408441116,-3.118644068,-12.66620014,-6.891025641,-6.712564544,-11.0701107,-17.53112033,1.383647799,-7.692307692,0.537634409,2.406417112,3.785900783,3.522012579,28.31105711,25.56818182,-19.60784314,
Mozambique,4.899999139,-6.102247568,10.58909752,6.53633682,2.254300776,11.20473253,11.30023205,9.926757015,11.70154266,1.188520575,12.08967671,9.290478457,6.926450061,7.92975086,6.637868812,9.702106773,7.731582341,7.289132316,6.31379491,6.488149646,7.403672678,7.258439253,6.963607135,7.398512797,6.72327878,3.824214319,3.741317593,3.428173661,2.223877655
Mauritania,1.788087282,1.874125731,5.873637432,-3.060732225,9.819800419,5.818826634,-4.044696525,2.777804784,3.673178323,-3.918025879,-0.799493816,1.381483962,6.928269551,4.732757925,8.566287249,18.33319876,-1.969422752,-0.331079195,0.097875872,2.620229521,4.172783283,4.470013182,4.150813186,4.274823271,5.376339237,1.260909224,3.497175006,2.115267637,5.930510885
Mauritius,4.435446262,6.512698594,5.082062928,4.136142898,4.287736571,5.587843899,5.687477444,6.071940161,2.610932319,8.202791783,3.347540711,1.614918645,5.925445489,4.330019872,1.777543037,4.865544591,5.727016142,5.38696257,3.315076989,4.377203239,4.077538074,3.496118338,3.360406103,3.744575773,3.55307173,3.837932629,3.814152115,3.75991808,3.55078438
Malawi,8.730231829,-7.332978135,9.691840268,-10.24018173,16.72881759,7.316681511,3.792419099,3.89525363,3.042278091,1.576077837,-4.974963846,1.700000014,5.705639437,5.420497694,3.268725828,4.699999992,9.600000003,7.639736774,8.328110276,6.874065635,4.854055109,1.885799507,5.199999998,5.700000004,2.799999999,2.484040626,4.000030517,3.170003222,4.369238986
Malaysia,9.545467414,8.885117978,9.894943334,9.212041793,9.829085197,10.00270069,7.32274185,-7.359415188,6.137612011,8.85886817,0.517675319,5.390988307,5.788499286,6.783437724,5.332139161,5.584847067,6.298785927,4.831769889,-1.513528716,7.424847383,5.293912834,5.473454193,4.693722526,6.006721946,5.091515724,4.449755765,5.741829576,4.74160645,4.330218416
North America,-0.295309436,3.279283793,2.744646291,4.0695421,2.685752176,3.577414239,4.432440914,4.33197909,4.684455515,4.197746567,1.036101228,1.887661707,2.94586388,3.808669151,3.645607078,2.975106075,2.335661452,-0.026079697,-2.57578359,2.61290665,1.704169503,2.199212028,1.888521408,2.493169133,2.661174934,1.512345251,2.309030842,3.070030778,2.268329806
Namibia,8.165612457,7.18934258,-1.579539348,1.72987979,3.899013996,3.191324289,4.220100451,3.291585574,3.369278383,3.492183429,1.177948639,4.788661276,4.239794373,12.269548,2.529262728,7.073175228,5.374044222,2.649811967,0.2959709,6.039249546,5.091338198,5.061682013,5.614719701,5.757788847,4.526770001,-0.280707988,-0.256275906,0.698374107,-1.134097952
New Caledonia,4.900028139,0.519994838,0.529794652,2.590186894,5.940031114,0.4498791,2.007152305,-3.200275506,0.900172502,2.100108842,,,,,,,,,,,,,,,,,,,
Niger,-0.147443621,2.007736704,0.434577121,1.715787689,2.288832546,0.374685103,1.494645985,9.870320733,-0.071523499,-1.054141076,7.123486515,4.753441067,2.486983143,0.35546836,7.132782528,5.827250497,3.102813418,7.774354809,1.85829134,8.426193268,2.364753132,10.5999074,5.565729596,6.564426227,4.367782715,5.688552607,4.997928857,7.004561951,5.828590084
Nigeria,0.358352604,4.631192947,-2.035118776,-1.814924483,-0.072664767,4.195924045,2.93709942,2.581254103,0.584126895,5.015934757,5.917684652,15.32915574,7.34719497,9.250558228,6.438516525,6.059428031,6.591130361,6.764472778,8.036925102,8.005655915,5.307924204,4.230061175,6.671335393,6.309718656,2.652693295,-1.61686895,0.80588662,1.922757342,2.208429277
Nicaragua,-0.189281496,0.386346619,-0.392936019,3.337726081,5.911907916,6.344268336,3.966650879,3.711681463,7.035970573,4.101590155,2.960843554,0.753938895,2.520732899,5.312170527,4.282398312,4.152323187,5.075817499,3.436373829,-3.292789619,4.40884491,6.317524825,6.496747299,4.926792269,4.78581617,4.79144082,4.563542212,4.631383681,-3.950917081,-3.8785099
Netherlands,2.439134506,1.706070897,1.257552203,2.961092431,3.116035966,3.498742209,4.329053322,4.663917223,5.034048115,4.195642482,2.326955106,0.217273561,0.155646066,1.984945696,2.050876074,3.460989001,3.772842518,2.17032479,-3.666884025,1.342739444,1.551189252,-1.030354007,-0.130175229,1.42339541,1.959169691,2.191713719,2.910902584,2.597453618,1.810503082
Norway,3.084721395,3.574395539,2.845324367,5.055427388,4.155491334,5.027947172,5.284592985,2.624426222,2.012863289,3.204979222,2.074790394,1.44625414,0.910105664,3.96941456,2.625457626,2.399790821,2.994251851,0.476379999,-1.727020309,0.701833824,0.981469497,2.703073855,1.034072914,1.969544301,1.967128438,1.071558977,2.323258407,1.289548201,1.154721939
Nepal,6.368150403,4.106406612,3.849850022,8.216002709,3.468451883,5.328284175,5.048612536,3.016389482,4.412573271,6.199999988,4.799892149,0.120143175,3.945037767,4.682603245,3.479181046,3.364614788,3.411560276,6.104639142,4.53307872,4.81641465,3.421828241,4.781192258,4.128877676,5.988984661,3.322905439,0.588678499,8.223499483,6.700995459,6.991212438
Nauru,,,,,,,,,,,,,,,0,6.060606061,-22.85714286,22.22222222,9.090909091,11.11111111,10,11.36363636,30.6122449,26.5625,3.703703704,3.571428571,-5.747126437,6.097560976,0
New Zealand,-1.0906085,1.094546083,6.391281596,5.119185883,4.722049994,3.617320048,2.049501517,0.7981682,5.451075677,2.905068669,3.464183516,4.67440871,4.549888805,4.0279114,3.320408257,2.84649727,3.070228327,-1.030057305,-0.145965905,1.555985646,2.358784595,2.239563485,2.62880059,3.625595767,3.618967819,3.677595134,3.163097502,3.762256427,2.170978389
OECD members,1.371228899,2.039476706,1.204176831,3.068958425,2.687814631,3.050861684,3.432748722,2.807402683,3.177412466,3.988838388,1.409016119,1.546499774,2.051317683,3.220254024,2.833850522,3.099299027,2.729170041,0.271031898,-3.43486798,2.937255654,1.853908683,1.283793942,1.510379893,2.050492606,2.423075336,1.730435915,2.501818827,2.2924826,1.65991714
Oman,6.074078508,8.413883633,6.042960275,3.875774308,4.996819663,3.045940005,6.033512307,2.642337974,-0.124806894,5.401372717,4.482454096,-1.10056525,-2.668969447,1.292112564,2.49045836,5.372068299,4.452694304,8.199695813,6.112453761,4.803316864,-1.106986965,9.331736827,4.373453291,2.75220026,4.677685594,4.959371501,0.346379723,1.763387591,0.5
Other small states,,,,,,,,,,,4.321174597,4.623714489,4.42965421,9.189040791,5.819747825,10.58162504,9.977786423,7.486772497,2.030637879,8.452370136,7.560015058,3.557584502,3.105152675,3.180539779,2.729105327,2.389985561,2.297521329,2.148376498,1.335904831
Pakistan,5.061567755,7.705897823,1.757747697,3.737415552,4.96260915,4.846581284,1.014396014,2.550234295,3.660132744,4.260088012,3.554418216,2.508337724,5.777033992,7.546860015,6.518778074,5.898984441,4.832817277,1.701405465,2.831658519,1.606688629,2.748405917,3.50703342,4.396456633,4.674707981,4.731147475,5.526735845,5.554277437,5.836417498,0.98882944
Panama,9.419005562,8.201680334,5.455744436,2.850146814,1.751678757,4.079703206,6.46099044,7.341500703,3.917206589,2.715374155,0.574272791,2.229149417,4.205495945,7.522079658,7.191279402,8.652465611,11.98398539,9.855654852,1.242992318,5.827839392,11.31373175,9.778903946,6.903272566,5.066743218,5.732763632,4.953499944,5.599006763,3.692100864,3.006389295
Peru,2.219259103,-0.540509125,5.243577008,12.30836618,7.411395047,2.798973079,6.476824421,-0.391537556,1.494910643,2.694371398,0.617892326,5.453528938,4.165023137,4.958203206,6.285060325,7.528899044,8.518387769,9.126568301,1.095823659,8.332459107,6.327192402,6.139724706,5.852518211,2.382157372,3.252244772,3.953318715,2.518835442,3.976935718,2.150131391
Philippines,-0.578334651,0.33760303,2.116307179,4.387623341,4.678692219,5.845873472,5.185362276,-0.576718146,3.081916458,4.41122216,3.049231344,3.716255002,5.086911134,6.569228513,4.942505118,5.316416822,6.51929155,4.344487305,1.448323063,7.33449996,3.858232827,6.896951711,6.750531302,6.347987483,6.348309717,7.14945675,6.930988326,6.341485571,6.040575257
Palau,,,,,,,,,,,6.406459791,3.456208044,-2.836078877,4.974689961,4.058148698,-1.494965682,1.342976008,-5.584784852,-6.258712711,0.288984328,4.865616251,1.841313621,-1.41418883,4.373413429,10.07512757,0.796679888,-3.517924715,1.705518583,
Papua New Guinea,9.546897709,13.84908527,18.20228595,5.94210906,-3.312448778,7.733695798,-3.904389656,-3.769113218,1.855553994,-2.494841993,-0.121288606,-0.158900533,2.164102502,2.721175741,6.344795923,5.409944091,7.815189229,-0.296457846,6.800421483,10.12845407,1.107543626,4.657119597,3.824946328,13.54377062,9.483548441,4.077773652,3.537527723,-0.754492527,5.623797977
Poland,-7.015578796,2.514978611,3.738310308,5.292802058,6.951856628,6.056624499,6.459525756,4.614695341,4.642175811,4.55954936,1.247967922,2.04162374,3.562466665,5.135650812,3.493225216,6.179335206,7.035226715,4.249788306,2.820124816,3.607522434,5.0172352,1.607906645,1.391892321,3.318447537,3.839071339,3.063908116,4.937663245,5.349025115,4.147023756
Pre-demographic dividend,-9.898251397,2.999089762,-0.143509384,0.138673621,3.236816455,5.874428527,5.97687962,7.69814435,4.78461061,2.949917727,4.845085813,6.096893485,-0.231043958,12.6583344,6.670928043,7.100014238,6.510702849,6.843606029,5.133555171,6.096895453,4.935045052,5.561809163,5.998122404,4.905969752,3.069814003,3.086355309,1.611751965,2.036639509,2.922852994
Puerto Rico,2.304391187,4.564051815,4.644527001,4.185958613,4.548988106,2.313707509,4.880087209,5.530725612,5.389699928,3.271964529,6.313471555,0.916459384,0.053419805,8.748676927,-1.986938733,-1.409414024,-1.16280669,-1.84413425,-1.952425142,-0.413254118,-0.358510628,0.02927511,-0.306826657,-1.190363454,-1.049443651,-1.263002925,-2.885954759,-4.65959596,1.187663555
"Korea, Dem. People’s Rep.",,,,,,,,,,,,,,,,,,,,,,,,,,,,,
Portugal,4.368206479,1.089476485,-2.043277043,0.964838228,4.282780408,3.504247369,4.400867969,4.807963433,3.906576497,3.816177846,1.943672482,0.770924141,-0.930520582,1.788735171,0.781848108,1.625033854,2.506579989,0.319248559,-3.122080097,1.73762581,-1.696165744,-4.057294359,-0.922643787,0.792190538,1.792046853,2.01948623,3.506343238,2.637245523,2.164403593
Paraguay,3.493650155,1.696428011,4.936359415,5.31791766,6.822810304,1.573785132,4.242516103,0.068037756,-1.366079712,-2.314140568,-0.834054717,-0.021404395,4.320745486,4.057418364,2.133490665,4.807117193,5.421622872,6.359120793,-0.257971434,11.14373579,4.249111045,-0.538512943,8.417495285,4.860890371,3.080374008,4.31290497,4.958051422,3.351958024,-0.029914393
West Bank and Gaza,,,,,7.118511824,1.215150773,14.66722516,14.33420348,8.280429404,-8.556183291,-9.310638168,-12.48919176,14.01586549,10.34306987,10.79876211,-3.900597981,6.59059324,6.079293326,8.662535025,8.099089262,12.4136357,6.284235772,2.217422457,-0.181890997,3.428732254,4.708435256,3.14023678,0.905278232,
Pacific island small states,0.0703436,5.225215758,2.941280102,4.833822578,3.814613296,2.938862369,-1.263282994,2.062084678,4.870041203,-0.711714918,1.232255442,1.935020724,2.000178627,3.919488667,2.237351386,2.511389047,1.144657912,1.780844347,-1.286242277,2.905283189,3.857862757,1.112710995,2.916236219,3.675299774,4.084451551,3.186091804,3.889067527,2.613652239,1.820091801
Post-demographic dividend,1.257289775,1.808038301,0.951643501,2.954691592,2.680303045,2.841125698,3.212174711,2.64894557,3.291920912,3.926855285,1.549848402,1.515941124,2.024990544,3.130349531,2.75284921,2.982488608,2.661981136,0.226760237,-3.475973622,2.836870932,1.602224284,1.126820952,1.347992119,1.866114272,2.111273073,1.627306156,2.356612792,2.198038177,1.622178377
French Polynesia,4.899996203,0.89999758,0.100003234,0.800002278,0.499993912,0.30000031,1.900004145,6.199995771,4.000004643,4.000000343,,,,,,,,,,,,,,,,,,,
Qatar,,,,,,,,,,,3.898186617,7.182151741,3.719958636,19.21891532,7.492758506,26.17024568,17.98565679,17.66355638,11.95656114,19.59233153,13.37517641,4.687259177,4.410274619,3.978882147,3.657510261,2.131310916,1.579850253,1.493339993,-0.183327101
Romania,-12.91821073,-8.767228452,1.528834497,3.93194273,6.233511484,3.907702088,-4.849062738,-2.029812906,-0.376660706,2.461263459,5.218136257,5.70299165,2.341147329,10.42811302,4.668148051,8.028811076,7.233807744,9.307467171,-5.517394408,-3.90123628,2.007156244,2.077165007,3.514551804,3.4108091,3.871522323,4.800799906,7.111440633,4.436856007,4.07954831
Russian Federation,-5.046939451,-14.53107377,-8.668540341,-12.56975598,-4.143528406,-3.755069439,1.399915805,-5.299961625,6.39991469,10.00006682,5.100051225,4.699991909,7.299952345,7.19994787,6.399965448,8.200068255,8.499977768,5.199969265,-7.799993913,4.5,4.300029186,4.024086157,1.755422149,0.736267221,-1.972719226,0.193690072,1.825790064,2.536331301,1.341875441
Rwanda,-2.514379654,5.872725234,-8.108691874,-50.2480671,35.22407831,12.74569576,13.84975249,8.858669496,4.322378158,8.370864289,8.484554846,13.19210404,2.202370423,7.447687122,9.377902317,9.227053052,7.633307171,11.16125743,6.248242046,7.334658956,7.958360927,8.641538865,4.7198555,6.164277203,8.868309542,5.981765258,3.986786755,8.569650988,9.406934948
South Asia,1.861542648,5.706645429,4.425702394,6.096768092,6.989914563,6.895377296,3.814298497,5.633230098,7.826881999,4.062669784,4.496537838,3.647415816,7.377364296,7.579822499,7.602138269,7.716583788,7.332365302,3.237683396,7.134107603,7.703500276,5.137576868,5.501985931,6.087552911,6.992602207,7.480328785,7.778358468,6.828651036,6.098621496,4.832489659
Saudi Arabia,15.00788025,3.987540169,-1.363741429,0.558720185,0.212091348,2.637424217,1.103782049,2.893362519,-3.763285216,5.625416143,-1.210743863,-2.819174404,11.24206139,7.958441664,5.573850121,2.788402228,1.847130252,6.249772755,-2.059268194,5.039493675,9.996857794,5.411444902,2.699254723,3.652481698,4.10640887,1.670624758,-0.741502653,2.434110781,0.331435727
Sudan,7.510910626,6.577861385,4.56874919,1.006228243,5.99709232,5.919124758,10.56673631,4.308504104,3.10409568,6.345867769,6.500360421,6.427273901,7.734591717,3.883307291,7.489738142,10.064308,11.52191003,7.801963334,3.241847572,-0.333179159,3.797756649,-1.439835719,4.394695833,2.679425668,4.906041879,4.699976039,4.283086697,-2.320827321,-2.55550594
Senegal,2.555825439,1.242647228,1.300780408,-0.017328659,5.363472887,2.012125113,3.124033282,5.898672563,6.347115795,3.198988036,4.580916442,0.654803648,6.683228178,5.870772213,5.622606856,2.461570254,4.938485083,4.056375727,2.092527084,3.56274539,1.458388671,5.117394237,2.82210565,6.613500103,6.367043651,6.356068572,7.407486186,6.379556584,5.271192358
Singapore,6.688502513,6.63968959,11.46277474,11.09764794,7.20090749,7.47137959,8.319916527,-2.195377826,5.724008424,9.039146751,-1.069015885,3.914609745,4.535779654,9.819591677,7.359033677,9.00514373,9.022133014,1.868245534,0.120982742,14.52563899,6.337870814,4.461608951,4.837298646,3.938002729,2.988520676,3.243474168,4.336604919,3.438111042,0.733309935
Solomon Islands,6.004178731,12.69044733,3.97645843,9.193819876,8.223592047,1.605179835,-1.439673626,1.783866401,-0.482600682,-14.26748303,-7.978564432,-2.800002522,6.50000183,4.898370946,5.421193232,6.946649998,7.320001264,7.106270238,-4.738346526,6.809045009,13.19563215,4.555394769,3.017849554,2.250090947,2.542239607,3.220947203,3.693619126,3.854712026,2.693985053
Sierra Leone,2.351960645,-19.01290963,1.374549379,-1.947384335,-7.999753286,1.753821399,-5.877082015,1.785014281,-1.979285588,6.652727885,-6.345455153,26.4173166,9.313120969,6.59794486,4.505095672,4.223914279,8.058145152,5.39828521,3.188051216,5.346466052,6.315045036,15.18176908,20.71576829,4.556772366,-20.59877072,6.055474029,4.211182649,3.446162621,5.513460168
El Salvador,1.494358748,7.018046272,5.819234802,4.689784362,4.734959574,0.817680481,3.134939588,2.654173931,2.160516675,1.12605705,0.877318892,1.580862265,1.562231082,0.890786052,2.707467768,4.342895377,1.860579145,2.570846686,-2.086120492,2.104283203,3.817056396,2.815501822,2.233753682,1.711223206,2.395028298,2.546533135,2.249942252,2.430960499,2.382362908
San Marino,,,,,,,,7.465618861,9.049360146,2.179379715,5.578342904,0.310800311,3.872966692,4.548844146,2.42510699,3.830083565,7.109322602,-0.500939261,-10.32095658,-5.473684211,-8.314773571,-7.044534413,-0.783972125,-0.7023705,2.475685234,2.415875755,0.589721988,1.172529313,
Somalia,,,,,,,,,,,,,,,,,,,,,,,,,,,,,
Serbia,,,,,,6.264084211,7.207372277,3.340888903,-9.424163036,6.131813239,6.878775068,6.380401539,4.387755373,9.028202122,5.530346614,5.107787883,6.439530929,5.655574501,-2.731753651,0.731046443,2.036275726,-0.681542133,2.892634162,-1.589506184,1.776320973,3.340329069,2.049307675,4.392240032,4.1870987
Sub-Saharan Africa (excluding high income),0.371269597,-0.367226224,-0.909945841,1.165524869,3.409983168,5.09955936,3.555790193,2.355054119,2.182089697,3.437171598,4.274022331,6.408975335,4.257425074,6.526281322,6.232022278,6.170948704,6.564859854,5.358029637,3.068261064,5.412083123,4.740663534,3.969453525,5.012529969,4.662869615,2.837909653,1.21611384,2.537697561,2.399593945,2.266196278
South Sudan,,,,,,,,,,,,,,,,,,,5.04164188,5.493416395,-4.640316736,-46.08212237,13.12973114,3.373648477,-10.79336463,,,,
Sub-Saharan Africa,0.398118404,-0.317154321,-0.862893879,1.185127099,3.412602284,5.103057534,3.579253725,2.389373028,2.185189255,3.47331785,4.259848194,6.364559512,4.2616794,6.501227865,6.199029062,6.163521484,6.561579557,5.352291135,3.067021796,5.404884172,4.738067113,3.96407442,5.001374173,4.656264525,2.844416825,1.237143931,2.548365371,2.410646746,2.277675586
Small states,,,,,,,,3.830531125,3.014763291,4.483707167,3.743496428,4.350236768,4.652832619,7.953296618,5.304354841,9.644431175,8.471776386,6.213253829,0.944279505,7.129575043,6.444750658,3.160230351,2.746825835,2.792189284,2.521093066,1.833089765,1.991707783,2.044822613,1.280479104
Sao Tome and Principe,,,,,,,,,,,,2.37687824,6.573476922,3.832223902,7.093773747,9.115642105,3.253605149,8.186174056,2.426282361,6.671983657,4.398202015,3.14197646,4.814792654,6.549934955,3.798398418,4.172376223,3.871185937,2.65769543,2.399999446
Suriname,2.699999091,0.400000046,-6.699998489,3.399999534,0,1.00000049,5.699998608,2.300001251,-1.400000022,2.09999866,4.20000005,2.800000889,6.299999082,8.500000274,4.500000692,5.793543589,5.111487808,4.143406525,3.01369863,5.168825162,5.849367784,2.690350057,2.93344123,0.255503145,-3.411095864,-5.561193424,1.76230389,2.618796199,-0.771763737
Slovak Republic,,,1.901327304,6.205530228,5.843495339,6.619895535,5.925836799,4.076099715,-0.105916496,1.166527158,3.253786843,4.509441533,5.499083878,5.278880348,6.623461609,8.493176949,10.8320279,5.57488636,-5.455532237,5.720844799,2.864442948,1.895810812,0.670844582,2.752434331,4.821918506,2.123319035,3.046335953,3.896744466,2.398568858
Slovenia,-8.900107151,-5.463699097,2.84341792,5.327487707,4.10716056,3.203001975,5.049794373,3.279368193,5.332666867,3.672368992,3.216561044,3.505599388,2.960260248,4.359193036,3.797970491,5.746396934,6.980162428,3.509841226,-7.54843872,1.343748476,0.861329049,-2.639438729,-1.029283831,2.76815802,2.210081624,3.121699782,4.833382913,4.118217859,2.442991915
Sweden,-1.145974861,-1.158592736,-2.065616386,3.929972837,3.935192926,1.579456406,3.070526593,4.311836353,4.247184144,4.766348871,1.449498618,2.196921062,2.30981059,4.336856154,2.85880324,4.662773552,3.439221776,-0.450559257,-4.339790575,5.952107008,3.195333235,-0.588304569,1.187775716,2.657798275,4.489281588,2.070593151,2.567924525,1.950022846,1.194853426
Eswatini,1.760376349,3.226206881,3.106114157,2.400691039,4.82565155,3.842053638,3.10280535,2.604039401,2.950875211,1.76017376,1.054764906,4.380099088,3.880213586,3.623914226,5.99877655,5.992166838,4.435375577,0.821663914,1.565048852,3.793754968,2.247229761,5.391309307,3.862271882,0.913196495,2.312465616,1.268296689,2.024962845,2.351009821,2.013918405
Sint Maarten (Dutch part),,,,,,,,,,,,,,,,,,,,3.199994022,4.600002996,1.39054667,1.306727883,1.580384638,0.50906595,0.43250626,-8.425883953,,
Seychelles,2.760426099,7.161466737,6.196649768,-0.798696999,-0.825642363,4.917525348,11.96155598,8.403398525,1.872006587,1.514338815,-2.271162762,1.212831267,-5.887127528,-2.850453659,9.005761428,9.40612788,10.42143611,-2.146892655,-1.105245793,5.954962469,7.887279597,1.260828834,6.018076825,4.504784866,4.937386459,4.562622436,4.375995801,3.753541939,4.708114431
Syrian Arab Republic,7.901270698,13.47033376,5.178987101,7.652937117,5.750015288,4.399999999,1.800000002,6.337264017,-3.553656913,2.742857397,5.20094281,5.9,0.6,6.900000004,6.2,4.999999998,5.699999996,,,,,,,,,,,,
Turks and Caicos Islands,,,,,,,,,,,,,,,,,,,,,,-2.53,1.36532085,6.70368436,5.941270828,4.399701715,4.275465839,5.282085494,
Chad,8.535137166,8.001443346,-15.70983705,10.13688763,1.236549317,2.214473035,5.653392328,6.951579914,-0.682850217,-0.879681025,11.65813465,8.491209819,14.72166701,33.62937185,17.33253374,0.648262014,3.271499579,3.052691532,4.217695552,13.55010086,0.082869798,8.882576072,5.700001363,6.899985045,2.767675685,-6.255527085,-2.988695986,2.3740378,3.247181917
East Asia & Pacific (IDA & IBRD countries),7.917157609,10.73673833,10.8699349,10.63580708,9.7180171,8.935035273,7.025891886,1.743283384,6.10590796,7.499838608,6.707896669,7.85373096,8.723232928,8.911912832,9.703054227,10.75778555,12.14813222,8.432961627,7.705056298,9.772573099,8.466932985,7.51499717,7.202142494,6.876133746,6.62101494,6.475924921,6.633207453,6.450888912,5.830925437
Europe & Central Asia (IDA & IBRD countries),-5.387296428,-9.337728415,-4.593312809,-8.775165298,-0.275481777,0.969695278,3.021169353,-0.750840378,2.3997028,7.380666421,2.453891452,4.981285081,6.196683595,7.873829274,6.661623874,7.851682484,7.554454716,4.357588451,-4.871211942,4.752900297,5.807629997,3.474064312,3.610033032,2.357242104,1.376796341,1.886938639,4.218711842,3.316533354,2.155131627
Togo,-0.699967489,-3.98068682,-15.09582748,14.98241434,7.845832324,8.836211627,14.37737757,-2.299876563,2.481751429,-0.783479607,0.823438749,3.826622582,6.720171421,-0.978665336,-4.666299379,2.650132097,-1.175120389,4.062252828,5.537910972,6.099259161,6.398199052,6.543507031,6.112343078,5.920588571,5.742868453,5.559079306,4.357413915,4.91014754,5.312535005
Thailand,8.558260321,8.083388023,8.251915915,7.997024667,8.120315346,5.651944465,-2.753575153,-7.634035286,4.572307751,4.455247043,3.44424901,6.149017654,7.189261882,6.289342143,4.187638429,4.967810892,5.435151691,1.725698849,-0.690618232,7.513390533,0.840132083,7.242796202,2.687495563,0.98442511,3.133896962,3.429219712,4.066250349,4.150762088,2.37187626
Tajikistan,-7.099999096,-29.00000106,-16.39999984,-21.29999801,-12.41632223,-16.69999844,1.680674136,5.312867659,3.699550717,8.324324495,9.580836178,10.83789166,10.92850851,10.37037376,6.644293718,7.048458927,7.760139303,7.910529533,3.89282113,6.520680751,7.400640543,7.486175224,7.400081256,6.705968168,6.008287872,6.872963797,7.617492691,7.300000287,7.011268985
Turkmenistan,-4.605263214,-14.9659866,1.500000174,-17.29986047,-7.200040934,6.699992161,-11.40000023,7.100000344,16.4999995,5.469064133,4.343845714,0.257179925,3.26882856,5.000407438,13.03403487,10.97330833,11.05929947,14.7,6.100000115,9.199999988,14.69999993,11.09999996,10.2000001,10.29999997,6.49999991,6.199999966,6.500000047,6.199999941,
Latin America & the Caribbean (IDA & IBRD countries),3.753670534,2.704665833,3.958657037,4.632460611,1.434461844,3.504624886,5.167271047,2.168403398,-0.065489195,3.779084508,0.726860538,0.257370448,1.582087264,6.30718468,4.349012425,5.36126532,5.661634886,4.067960302,-1.90398717,6.055613624,4.500885112,2.849904653,2.860107848,1.028810225,0.045125232,-0.340673384,1.859801629,1.667330108,0.824977469
Timor-Leste,,,,,,,,,,,16.34769158,-6.700694689,-2.182267238,0.4,3.018962887,-4.109614907,10.2277536,11.3393063,9.988242284,9.459219094,5.806710787,6.016587621,2.124961637,4.45067845,3.055989984,3.550517987,-3.798648612,-0.779857836,3.414192346
Middle East & North Africa (IDA & IBRD countries),-1.393641506,4.706366996,2.791727709,1.443618674,2.525827688,6.128432522,3.189842286,6.755902081,4.232564627,4.552276769,2.311960348,3.435417265,2.721441331,8.008593539,4.497826188,5.552000794,6.100019674,3.509485231,2.519014309,5.246287618,-1.020393299,2.777949904,1.698472942,2.129859931,0.716370726,7.829457344,2.91910822,,
Tonga,6.414939822,0.251985518,3.73804735,4.952526778,3.711873338,0.010215895,-0.131583413,2.718812655,3.881704581,3.369839694,3.601788655,3.418876649,2.108581656,-0.351420004,1.582168376,-0.812222114,-4.165775722,3.099519869,2.290612704,3.585657371,2.785145889,0.890322581,-3.120603658,2.072607261,3.71184687,3.37947375,2.7,0.299994245,
South Asia (IDA & IBRD),1.861542648,5.706645429,4.425702394,6.096768092,6.989914563,6.895377296,3.814298497,5.633230098,7.826881999,4.062669784,4.496537838,3.647415816,7.377364296,7.579822499,7.602138269,7.716583788,7.332365302,3.237683396,7.134107603,7.703500276,5.137576868,5.501985931,6.087552911,6.992602207,7.480328785,7.778358468,6.828651036,6.098621496,4.832489659
Sub-Saharan Africa (IDA & IBRD countries),0.398118404,-0.317154321,-0.862893879,1.185127099,3.412602284,5.103057534,3.579253725,2.389373028,2.185189255,3.47331785,4.259848194,6.364559512,4.2616794,6.501227865,6.199029062,6.163521484,6.561579557,5.352291135,3.067021796,5.404884172,4.738067113,3.96407442,5.001374173,4.656264525,2.844416825,1.237143931,2.548365371,2.410646746,2.277675586
Trinidad and Tobago,3.112407866,10.09297951,-0.669114766,3.567180606,3.809913144,7.134477465,7.522854626,8.124563997,8.024817644,6.901359591,4.168523982,7.936709687,14.44098954,7.950051511,6.20893788,13.20805861,4.754209701,3.391737078,-4.391729247,3.32322471,-0.294354409,1.269964365,2.229074805,-0.912544969,1.823184697,-6.296446956,-2.312115621,-0.245213697,-0.002371632
Tunisia,3.904545301,7.805728857,2.189828889,3.178411391,2.351669888,7.146080839,5.440943436,4.783762572,6.054634515,4.709859945,3.796183827,1.322563618,4.702411815,6.235793869,3.486535815,5.244195185,6.709620392,4.237776836,3.043448955,3.510608639,-1.91717768,3.997674002,2.875523842,2.971398345,1.194541753,1.159600975,1.916928327,2.664453323,1.042780016
Turkey,0.720279036,5.035634939,7.651265203,-4.668147364,7.878266876,7.379664474,7.577663644,2.308213464,-3.389304879,6.640061122,-5.962310758,6.430278635,5.608255093,9.644322582,9.009853311,7.109703431,5.030457589,0.845251452,-4.704465917,8.487372187,11.11349555,4.789940207,8.491309393,5.166690703,6.085886632,3.183831543,7.470866893,2.826776118,0.877433458
Tuvalu,3.609164985,2.788866584,4.110691014,10.28348701,-5.004437317,-5.961361169,10.00322432,15.50121998,-1.563791371,-0.970599814,1.634107644,7.886174359,-3.333536533,-1.352181114,-3.779729962,2.138938329,6.350564875,7.983260905,-4.432851394,-2.729427912,7.515954206,-3.835748821,4.576823704,1.348012682,9.142893933,3.034723153,4.094017717,2.5,9.756097561
Tanzania,2.071988211,0.584322134,1.205800808,1.567661766,3.569911868,4.544366802,3.525278191,3.708511596,4.863863755,4.520784635,6.070808288,7.093194984,6.672789829,7.50381466,7.476319258,6.53222139,6.768535202,5.68641686,5.269105248,6.336523427,7.672155435,4.50015356,6.781585601,6.732461868,6.160628774,6.867116196,6.785680114,5.444967632,5.791371376
Uganda,5.554095496,3.418356892,8.32629252,6.403635743,11.52324381,9.072114582,5.100001864,4.905265484,8.053948377,3.141907338,5.183661126,8.732685764,6.473258671,6.807233344,6.332565116,10.78474439,8.412425966,8.708751901,6.801517348,5.637611638,9.391655493,3.837455606,3.586905826,5.106307324,5.187859863,4.781000291,3.897747657,6.155079976,6.507342527
Ukraine,-8.410643888,-9.698998582,-14.22610688,-22.93404553,-12.20000002,-9.999999974,-3.000000027,-1.899999984,-0.199999997,5.9,9.203694816,5.24934062,9.515923065,12.10876949,2.997300112,7.439917934,7.593520408,2.304024911,-14.75856217,3.834392505,5.465501846,0.238681721,-0.02669789,-6.552631294,-9.772960791,2.235067619,2.466035625,3.405298522,3.233491188
Upper middle income,1.585694414,0.614192577,3.315423032,2.577799083,3.410317192,4.724218022,5.225733346,1.439962694,2.729402169,5.986525573,3.131284808,4.19993751,5.173535186,7.850873539,7.101598998,8.154582245,8.839638832,5.862417536,1.739485734,7.626888037,6.305149937,5.212816259,5.045466402,4.148835696,3.557016923,3.979989804,4.806441921,4.508915039,3.836720659
Uruguay,3.538808504,7.931588413,2.657546103,7.28134265,-1.447598964,5.577957758,8.547683232,4.518890072,-1.939212135,-1.92993064,-3.844129967,-7.732007212,0.805283917,5.004160365,7.460132106,4.098577362,6.541510848,7.176144662,4.243494178,7.803409668,5.162133026,3.538178707,4.637538643,3.238791216,0.370741267,1.689798162,2.591338694,1.620083616,0.222121735
United States,-0.108259105,3.522442494,2.752844327,4.028839064,2.684287132,3.772501319,4.447216343,4.481407555,4.753235989,4.127484014,0.998340795,1.74169525,2.861210767,3.798891127,3.513213797,2.854972292,1.876171458,-0.136579805,-2.536757066,2.563766559,1.550835506,2.249545852,1.842081071,2.451973035,2.880910466,1.56721517,2.21701033,3.183895003,2.333577492
Uzbekistan,-0.492000004,-11.2,-2.300000006,-5.199999992,-0.900000006,1.700000004,5.199999997,4.3,4.300000003,3.834999999,4.16383825,3.973488192,4.232627382,7.449000605,6.950007197,7.451418476,9.473005305,9.029161017,8.050933328,7.597167961,7.784905864,7.375687986,7.584537849,7.17939955,7.447705075,6.094210239,4.46152609,5.446444862,5.563723953
St. Vincent and the Grenadines,1.135742971,6.377102859,4.251023172,-1.247737074,7.767413795,1.287125179,3.505823414,4.089483241,2.710917941,1.639178881,1.709263603,6.321647576,7.689791237,4.15628429,2.488004855,7.688360969,3.342560091,1.584471793,-2.099061259,-3.35343741,-0.419296168,1.382087412,1.832976653,1.21403892,1.330275498,1.897440944,1.000357879,2.163128944,0.342428046
"Venezuela, RB",9.729887977,6.060473262,0.275388158,-2.349507928,3.951662724,-0.197837257,6.370931401,0.294055161,-5.970458146,3.686944167,3.394236108,-8.855647353,-7.75530005,18.28660669,10.3179138,9.872149109,8.753578808,5.277854124,-3.202302657,-1.488791251,4.176425359,5.625956975,1.343094036,-3.894386475,,,,,
British Virgin Islands,,,,,,,,,,,,,,,,,,,,,,,,,,,,,
Virgin Islands (U.S.),,,,,,,,,,,,,-0.334104343,2.939659618,3.632264529,3.625815809,4.03545603,0.941704036,-6.64149267,0.904116108,-8.158453195,-15.01925546,-5.83081571,-0.866217517,0.194174757,0.904392765,-1.696542894,,
Vietnam,5.960843932,8.64604746,8.072730657,8.838980952,9.540480175,9.340017496,8.152084143,5.764455464,4.773586881,6.787316408,6.192893312,6.320820988,6.899063492,7.536410612,7.547247727,6.977954812,7.129504484,5.661771208,5.397897543,6.423238217,6.240302749,5.247367156,5.421882991,5.983654637,6.679288789,6.210811668,6.81224566,7.075788617,7.017434882
Vanuatu,3.139321561,2.59201652,0.750740107,9.056387228,1.011760278,2.328455171,4.913239831,4.301466021,0.334788215,5.922044539,-3.488507759,-5.111218569,4.293431178,3.984754831,5.30285231,8.465159865,5.173513258,6.448521358,3.312815802,1.629081596,1.223225535,1.754749927,1.96914608,2.304347102,0.16286645,3.471544715,4.412665986,2.79939196,2.910560297
World,1.42802345,1.768184512,1.529226702,3.000484159,3.021896309,3.388781574,3.67412496,2.556207085,3.248444996,4.384678428,1.960450132,2.182073476,2.963715378,4.407461129,3.914978927,4.379865,4.323736623,1.85346306,-1.67402066,4.300651873,3.140276554,2.516962853,2.662935979,2.84745929,2.879152456,2.592171688,3.261971339,3.098475082,2.474999297
Samoa,-2.300009405,-0.199992237,4.099990037,-2.542098541,6.67364307,7.178972189,0.643422087,2.194889222,2.18543305,6.918794454,6.939761793,4.343996108,4.515482455,4.625000762,4.156489543,1.968808341,6.322644804,1.009087755,-4.808273849,0.479158678,4.173393458,-4.08872377,-0.418844399,0.078245335,4.272188528,8.054160438,1.01555952,-2.168095678,3.472878147
Kosovo,,,,,,,,,,,26.97391784,-0.700948289,5.980145596,2.612126758,6.033229748,4.503031756,7.286082986,6.305856068,3.595343566,3.309907608,4.375283962,2.810260671,3.439550882,1.222167987,4.09519533,4.070948855,4.22563055,3.815619202,4.171659654
"Yemen, Rep.",6.29349386,8.207598137,4.001966381,6.721949122,5.669371322,4.634967317,5.23111204,6.006694599,3.775530496,6.181915593,3.803645872,3.935231505,3.747398185,3.972696401,5.591748076,3.170409359,3.338427956,3.64756947,3.866229516,7.70230704,-12.71482302,2.392885682,4.823414981,-0.188591449,-27.99443852,-9.375059508,-5.072010019,0.752598679,
South Africa,-1.018219873,-2.137056889,1.233519913,3.200001049,3.099995418,4.299998961,2.600002116,0.500000905,2.399996245,4.200003476,2.699994567,3.700382352,2.949079137,4.554552745,5.277056312,5.603797657,5.360475891,3.191046741,-1.538089334,3.039730814,3.284168142,2.213354808,2.4852005,1.846991604,1.193732801,0.39908793,1.414512626,0.78705557,0.152583317
Zambia,-0.036133384,-1.730922174,6.797274049,-8.625441952,2.897668893,6.218546489,3.814007497,-0.385746146,4.650189746,3.897322943,5.316868274,4.50601428,6.944973982,7.032395115,7.235599007,7.903694445,8.352436244,7.773895815,9.220348406,10.29822332,5.564602337,7.597593211,5.057490926,4.69772915,2.919980212,3.776775492,3.504325948,4.03481157,1.705792875
Zimbabwe,5.531782396,-9.015570086,1.051458626,9.235198861,0.158025651,10.36069677,2.680594174,2.885211806,-0.817821016,-3.059189762,1.439615384,-8.894023633,-16.99507469,-5.807538055,-5.71108368,-3.461495192,-3.653326859,-17.66894629,12.01955993,19.67532314,14.19391296,16.66542877,1.989492762,2.376929327,1.779872703,0.755869251,4.704035391,4.829673591,-8.100000199