"","X1","X2","X3","X4","X5","X6","X7","X8","X9","X10","X11","X12","X13","X14","X15","X16","X17","X18","X19","X20","X21","X22","X23","X24","X25","X26","X27","X28","X29","X30","X31","X32","X33","X34","X35","X36","X37","X38","X39","X40","X41","X42","X43","X44","X45","X46","X47","X48","X49","X50","X51","X52","X53","X54","X55","X56","X57","X58","X59","X60","X61","X62","X63","X64","X65","X66","X67","X68","X69","X70","X71","X72","X73","X74","X75","X76","X77","X78","X79","X80","X81","X82","X83","X84","X85","X86","X87","X88","X89","X90","X91","X92","X93","X94","X95","X96","X97","X98","X99","X100","X101"
"Australia",20,37.6868003151486,46.0757503483244,50.990432856724,54.536197944574,57.2620933812888,59.5626822070482,61.5228491131494,63.1973080099481,64.6391097128255,65.9353716077056,67.0955578809522,68.1618949863307,69.14595738574,70.0556778222741,70.8976533947318,71.6795222060782,72.4102012494317,73.0984559950285,73.7319857587464,74.3374538350671,74.9207925526787,75.4630871254029,75.9909408273791,76.4951053919115,76.9784165428612,77.4474504437517,77.8938275531761,78.3292837954465,78.7449019112786,79.1477275168423,79.5389094168791,79.9105806853231,80.2822519537671,80.626716741894,80.9698172175368,81.3046608602202,81.622672944169,81.9406850281179,82.2481042408785,82.5448893409351,82.8416744409918,83.1303445568434,83.4097353597571,83.6891261626708,83.9651247474446,84.2306831434254,84.4962415394062,84.761799935387,85.0181876559229,85.2730345470886,85.5278814382543,85.7800857296281,86.0267920195477,86.2734983094674,86.520204599387,86.7628190163781,87.0034772240352,87.2441354316923,87.4847936393494,87.7216316900365,87.9582120773449,88.1947924646533,88.4311448934725,88.6660062624487,88.900867631425,89.1357290004013,89.3710084147683,89.6072606634584,89.8435129121485,90.0797651608387,90.3186375220484,90.5602252413121,90.8018129605758,91.0434006798396,91.2927064023177,91.5443735363063,91.7960406702949,92.0506818725084,92.318037744172,92.5853936158357,92.8527494874993,93.1385673782219,93.4283485520995,93.7181297259772,94.0299616898712,94.3504767205132,94.6709917511551,95.0289767759153,95.3906904923612,95.7753960795437,96.1916783349904,96.6266444289031,97.1149691804643,97.64323063358,98.2274858424374,98.9259865608836,99.7530516515357,100.810295532419,102.434577943667,109.999999999855
"Austria",20,39.2601131123599,47.1006332281371,51.150591935967,54.0738699434305,56.3519803614246,58.2428673092216,59.8696163031094,61.2951135331067,62.5506979330892,63.6841680028633,64.7265387124217,65.6966339215527,66.6085889250178,67.472628647197,68.2960932738412,69.0841909596888,69.84057310123,70.5679534160926,71.2669444863251,71.9291181262906,72.5657587513029,73.1802418116356,73.7594670904856,74.3152110505354,74.8542790224567,75.3585291871543,75.8553352689736,76.3208776947443,76.7802253012701,77.2123964338598,77.641282465508,78.0415980154921,78.4419135654762,78.816390993089,79.1864829247416,79.5448605136297,79.8872635567751,80.2296665999205,80.5528680255648,80.8711055933135,81.1893431610622,81.4880328619433,81.7860452821975,82.0840577024518,82.3664541993112,82.6479681011093,82.9294820029074,83.2010697057168,83.4693399238935,83.7376101420702,84.0017879780286,84.2596892829528,84.517590587877,84.7754918928011,85.0264115044367,85.2765979837907,85.5267844631447,85.7753592122709,86.0203069210152,86.2652546297594,86.5102023385037,86.7533003938534,86.9953279077992,87.237355421745,87.4793829356908,87.7209072600858,87.962384729008,88.2038621979301,88.4457709074846,88.6895451488273,88.93331939017,89.1770936315128,89.4238700026114,89.6736991358487,89.923528269086,90.1733574023232,90.432999536166,90.6938130839854,90.9546266318048,91.2230574998363,91.5010808295174,91.7791041591986,92.0622458039812,92.3651785255291,92.6681112470771,92.9791340793332,93.3165631740693,93.6539922688054,94.0179352381074,94.4021018156782,94.8003836786543,95.2474078183213,95.7123291758427,96.2440755703931,96.8356018634343,97.5029242741671,98.3117122358629,99.3879218895161,100.97537803474,109.999999999093
"Belgium",20,37.0997395726647,44.9336875767155,49.460806891669,52.613905623111,54.9778057119365,56.9009767471548,58.5545605963083,60.0278686065966,61.3689971520341,62.5818963753079,63.7009845370766,64.7384120678364,65.705256184694,66.6128485541527,67.4705805188622,68.2845023952935,69.0580540625043,69.7940247455056,70.4957987131025,71.1576781294405,71.784714755841,72.388836717986,72.9654994203826,73.5137193777597,74.0499507441201,74.5557332018228,75.0516365820214,75.5264829427875,75.9892369800563,76.4355629232553,76.8709932471817,77.290583097934,77.7034223624101,78.0973028396554,78.4911833169008,78.8605358507002,79.2293267759876,79.5851212028843,79.9297194859385,80.2743177689927,80.5980312525206,80.9200628882942,81.239448712911,81.5412393574008,81.8430300018906,82.1422283034996,82.4265639380349,82.7108995725703,82.9952352071056,83.2654559514647,83.5354361323658,83.805416313267,84.0682504898041,84.3272311375613,84.5862117853186,84.8438817699348,85.0953515056617,85.3468212413886,85.5982909771156,85.8473120683892,86.0946701785645,86.3420282887398,86.5893863989151,86.8358238435334,87.0822200133741,87.3286161832148,87.5756311044111,87.8240597123489,88.0724883202867,88.3209169282245,88.5729080704941,88.8265628890827,89.0802177076714,89.3350771860594,89.597753113983,89.8604290419067,90.1231049698303,90.3954537985095,90.671806257295,90.9481587160805,91.2332401295412,91.5289664966505,91.8246928637598,92.1311976607904,92.4533937694916,92.7755898781927,93.119697793099,93.4775885372229,93.8402530753018,94.2462985904922,94.6523441056825,95.1159494145321,95.5872085818749,96.1445617199616,96.7482304021278,97.4351442146914,98.2798901873162,99.3932331950034,101.040604707066,110
"Bulgaria",20,32.5972003026604,39.9719880570432,44.113359721924,46.9873261608384,49.2143091634048,51.0679903898117,52.6647365384039,54.0730061813554,55.3331309887454,56.4856758207044,57.5572687507602,58.5620457915445,59.5103950554203,60.4092208320257,61.2630057581001,62.0753222996259,62.8498368967996,63.5904737448227,64.3011868681484,64.9849120926033,65.634031709167,66.2633604649349,66.8757106513016,67.4626987335457,68.0339208829908,68.5944440994162,69.1307411369584,69.659633276836,70.1726690886707,70.6734676502365,71.1645292235641,71.6400974398992,72.1097630931766,72.5621548792587,73.0104385413277,73.4413448285116,73.8679125410885,74.2794103371136,74.6841486069614,75.0789935450696,75.4625328304302,75.8437022025242,76.2075125298147,76.5713228571052,76.9236837808592,77.2697789938045,77.6151625884394,77.9457428408854,78.2763230933314,78.6026004875564,78.9198748893147,79.2371492910729,79.5490248657493,79.8552069953231,80.161389124897,80.462737396352,80.7600872176785,81.057437039005,81.3514013742194,81.6422475834925,81.9330937927656,82.2222012201499,82.5089670831846,82.7957329462192,83.0820662131946,83.3673283723167,83.6525905314387,83.9380268616974,84.2246015942127,84.511176326728,84.7977510592433,85.0887678512061,85.3798197786678,85.6708717061295,85.9692501607712,86.2684433919714,86.5676366231715,86.8779862860306,87.1896890950835,87.5014714382426,87.8309851034378,88.160498768633,88.4966409598511,88.8504200494079,89.2041991389647,89.5814057670172,89.9673122701432,90.3698275239259,90.7975658780088,91.2411734528746,91.7230829571645,92.234924028637,92.7871985922138,93.4126567650872,94.1050555367189,94.9054085281663,95.881633697317,97.1439944221276,99.0469638719714,109.099999999929
"Belarus",20,28.6258430082905,33.7323269669231,37.2967654653016,40.1840282979799,42.66164826161,44.8111084976189,46.7136015566141,48.4186328459304,49.9571477583086,51.3461273668862,52.5989087116499,53.737278858155,54.7854166624515,55.7577484556907,56.667535607368,57.5257809576268,58.3409965860928,59.1196222949104,59.8666692227008,60.5862223353656,61.2761014323578,61.9404667778559,62.5864036022713,63.2162246249232,63.8211867314385,64.4136903578899,64.9955436641695,65.5564152846466,66.109484125471,66.6504618785922,67.1778000320247,67.6999275732734,68.2036751870944,68.7035493601906,69.1891419610474,69.6682676502219,70.1358885090885,70.5958098897244,71.0457389997577,71.488174237283,71.9208715593064,72.347689504166,72.7638210302292,73.1769387078355,73.5773839642429,73.9778292206502,74.3644985722665,74.7503605140152,75.128108043166,75.5007153474966,75.8710154006047,76.2318978336025,76.5927802666004,76.9466026755114,77.297440909368,77.6471421090563,77.9897176639838,78.3322932189113,78.6716004135485,79.0077731081166,79.3439458026846,79.6764095090622,80.0081310139861,80.339568104122,80.6689222178729,80.9982763316238,81.3275925882925,81.6568490107307,81.9861054331688,82.3169425000432,82.6486154940267,82.9802884880101,83.3168831995459,83.6537888933667,83.9929563212716,84.3382637413087,84.6835711613458,85.0368157332395,85.3940978754786,85.7536857820327,86.1270015585627,86.5003173350927,86.8888392530667,87.2829006640249,87.6888256254864,88.109304942376,88.5401316206736,88.9941346597856,89.4620688764221,89.9587673062521,90.4836093569226,91.0350270320635,91.6487143661746,92.3106039377845,93.045109193074,93.8934653404423,94.9241702828639,96.2501134979517,98.2439729468261,109.099999999621
"Canada",20,36.7410463925226,45.6215444985079,50.4166159506296,53.7790292512913,56.3328997520999,58.4138656361942,60.1977515462915,61.7662728950455,63.1700336046633,64.4191657557912,65.5607108770848,66.6126750317391,67.5876904803465,68.4943846558872,69.3390805943516,70.1281971503679,70.8692541850137,71.5700799285387,72.2376639953484,72.8625293883785,73.4622871707442,74.0437206368905,74.5913439506507,75.1241113256509,75.6376904014571,76.1293955737196,76.6109935640818,77.0679221988728,77.5192579180983,77.9469995669267,78.369600721768,78.7734017900856,79.168813050159,79.5536931439372,79.9237479770058,80.2938028100744,80.6411579680385,80.9881265072232,81.3271349995782,81.6536595188391,81.9801840381,82.2955676346953,82.6044935384759,82.9134194422564,83.2117722427734,83.5060079111175,83.8002435794616,84.086671586366,84.3690947219703,84.6515178575745,84.9296296915478,85.2029621724072,85.4762946532666,85.7484068662241,86.0150184501625,86.2816300341009,86.5482416180393,86.8109483627366,87.0727144271969,87.3344804916572,87.5950233070794,87.8534624464061,88.1119015857329,88.3703407250596,88.6272842180971,88.8840338138935,89.1407834096899,89.3977740549996,89.6551581987093,89.9125423424189,90.1699264861286,90.4308488292144,90.6922392810205,90.9536297328265,91.2187736848248,91.488694196935,91.7586147090452,92.030037770459,92.314171204744,92.598304639029,92.8824380733139,93.1863797606583,93.4916264302611,93.7968730998638,94.1312084612807,94.465844886857,94.8122873253774,95.1862417283595,95.5601961313416,95.9800696591505,96.4054130534592,96.8825337302942,97.3744612388249,97.9486879657004,98.57272760356,99.2818501417469,100.141257856803,101.272520274221,102.937622579295,110
"Switzerland",20,41.7186379853898,49.3430422640118,53.682473684478,56.6121638968133,58.9180168158609,60.8667780085695,62.5621542844329,64.0524026538402,65.3688385185229,66.5706647707186,67.677462751028,68.6928978077193,69.633953381342,70.5084730168708,71.3238031104122,72.0790681489665,72.7867295532318,73.4569666032855,74.0965631422481,74.696576715828,75.2675641665255,75.8219143917937,76.3369147558285,76.840471346161,77.3166767065917,77.777738926239,78.2165574786261,78.6424690655261,79.0448353036542,79.4431207912773,79.8107009574382,80.178281123599,80.5246519559669,80.8605226551865,81.1963933544062,81.504918920269,81.8131476613515,82.1197589442443,82.4046653745178,82.6895718047914,82.9744782350649,83.2420121181003,83.5078366554181,83.7736611927358,84.0316424297591,84.282519619624,84.5333968094889,84.7842739993538,85.0247949712254,85.2646233593537,85.504451747482,85.7428572707058,85.9749791919984,86.207101113291,86.4392230345835,86.6697647400315,86.8967454045468,87.1237260690622,87.3507067335776,87.5766123025074,87.8004518409661,88.0242913794248,88.2481309178834,88.471625070871,88.6943904057139,88.9171557405567,89.1399210753996,89.363164970524,89.5876309393791,89.8120969082342,90.0365628770894,90.2625242606352,90.4924904106294,90.7224565606235,90.9524227106176,91.1861285764307,91.4265331284437,91.6669376804568,91.9073422324698,92.1580596708039,92.4152447221329,92.672429773462,92.932508171541,93.2148200145238,93.4971318575067,93.7794437004896,94.0954379142964,94.4140772866115,94.737985122438,95.1079359660775,95.4778868097169,95.89547265473,96.3365289527113,96.8388627207265,97.3772830321609,98.0436845188238,98.8313838756074,99.8444130465477,101.39886224633,110
"Chile",20,32.915712259619,41.1443609142474,46.1880829310896,49.7713965951864,52.5747133903695,54.8415892360389,56.7642544655283,58.4319175264826,59.902345050043,61.2134308024853,62.392744241115,63.4586066064045,64.4394780063269,65.3483987360003,66.1967854723865,66.9943728743664,67.7492365522099,68.4591735726188,69.1332122183511,69.7795011397808,70.4024327724226,70.986126732168,71.5530423351705,72.1004402443208,72.6210730069551,73.1337414421528,73.6194318401898,74.0995950538793,74.5597485111977,75.0139840808794,75.4514261808302,75.8846335172357,76.3012305660418,76.7169645816405,77.1133942053425,77.5098238290445,77.8903700898824,78.2662395027302,78.6340302887328,78.9885322263835,79.3430341640342,79.6794083612549,80.0123118472513,80.3424345317001,80.6548640222052,80.9672935127103,81.2751719940076,81.5697663625185,81.8643607310295,82.1561360353799,82.4366437441677,82.7171514529555,82.9976591617433,83.2684012903223,83.5390612392955,83.8097211882688,84.0766159438836,84.3416262608728,84.6066365778621,84.8711540654853,85.1343414860771,85.397528906669,85.6607163272608,85.9251743309167,86.1898552570104,86.454536183104,86.7211745664729,86.9902013587588,87.2592281510447,87.5289898709949,87.8050142080918,88.0810385451887,88.3570628822855,88.6414539723629,88.9273863063513,89.2133186403396,89.5087158896481,89.8082307184655,90.1077455472829,90.4199831611674,90.7378838622056,91.0557845632439,91.3947672185668,91.7371557854896,92.0869738974769,92.4613419979601,92.8357100984433,93.2440972758762,93.6595377808752,94.1095859978751,94.577312250837,95.0941469273674,95.6329887980535,96.2526679332699,96.9389453338123,97.7233542772456,98.6671042824072,99.8751796319863,101.695577405805,110
"Czech Republic",20,36.1617609340019,44.0421079104076,48.1986998459939,51.164064633469,53.4741019430455,55.3388478003933,56.9229542855922,58.2897597204264,59.5183604775465,60.6187426725638,61.6192748742955,62.5407222260125,63.396642575878,64.1990569780526,64.9552710405185,65.6686916194088,66.3532257494295,67.0138461820587,67.6520907863643,68.262261315131,68.8572603081686,69.4361406174219,69.9891826571549,70.5315930100588,71.0520533473959,71.5572773333108,72.0486385206042,72.5207067792114,72.9841861885931,73.428246351136,73.8658376050375,74.2871912859341,74.7013654530222,75.1047241315283,75.4981155953122,75.8872250221674,76.2622078867463,76.6371907513251,76.9982034469443,77.3564053482762,77.7094507011813,78.0515359479636,78.3936211947459,78.7246378359453,79.0506590046828,79.3766801734204,79.6879722501437,79.9981296114773,80.3078892416844,80.6031606803151,80.8984321189459,81.1937035575767,81.4762814130544,81.7585826895321,82.0408839660098,82.3150451677767,82.5870502729848,82.8590553781929,83.1276414673829,83.39255068993,83.6574599124772,83.9220699679573,84.183436267855,84.4448025677526,84.7061688676502,84.9676578593751,85.2292155669,85.490773274425,85.7531125093661,86.0185764023234,86.2840402952807,86.5495041882379,86.8210236768826,87.0939656195876,87.3669075622925,87.6455107953861,87.9295017839701,88.2134927725542,88.5026699653177,88.801769472846,89.1008689803744,89.4067691590708,89.7262158523965,90.0456625457221,90.3792827694846,90.7261518375782,91.0730209056718,91.4539317205618,91.8377135710366,92.2501002957385,92.6834453899523,93.1501451785538,93.6501633707014,94.213504688058,94.8257751571037,95.5402409955476,96.4123315690514,97.5508365087234,99.2799163257726,109.999999998189
"Germany",20,39.3968274255881,46.6514511363614,50.6362342779443,53.4044386631109,55.5604393655863,57.3778455610978,58.9729705840973,60.4061382954461,61.695100359395,62.8708562591475,63.9525515420673,64.9545316527571,65.890089158589,66.7705054084129,67.60478285427,68.3993986377958,69.1585080856587,69.8849723193756,70.5815119738151,71.247910882518,71.8760235347314,72.4812300247657,73.0652683012337,73.6121484727658,74.1458142442463,74.6525843562849,75.1411307484564,75.6122923104727,76.063501120836,76.5014968998176,76.9226671622526,77.3298916238666,77.7274499925008,78.105966884935,78.4844837773692,78.8372530566216,79.1889217712427,79.5307041985572,79.8576436583635,80.1845831181698,80.4972943297989,80.8022419255804,81.1071895213618,81.3991529800129,81.6854358486852,81.9717187173575,82.2497015272887,82.5209455302999,82.7921895333111,83.0607670780773,83.3206092130832,83.5804513480891,83.8402934830951,84.0940320446343,84.3459497253338,84.5978674060333,84.8488541940133,85.0960614614088,85.3432687288043,85.5904759961998,85.836651815103,86.0820071394476,86.3273624637922,86.5727177881367,86.8186378744058,87.0646286156689,87.310619356932,87.5572912224598,87.8062416876611,88.0551921528623,88.3041426180636,88.5565358645138,88.8110847667916,89.0656336690694,89.3209077612328,89.5846029851641,89.8482982090954,90.1119934330267,90.3850973508401,90.662914303989,90.9407312571378,91.2274760282547,91.5262152642464,91.8249545002382,92.1360730632275,92.4647102617359,92.7933474602443,93.1499661869533,93.5200286402044,93.9037303437322,94.3298180290495,94.7657043607203,95.266472829413,95.8004323269889,96.4005842667286,97.1123511081793,97.9581053468417,99.0387898096994,100.700318744623,109.999999999706
"Denmark",20,40.4867597226566,47.2627217629147,51.1045812934749,53.7516125370775,55.8335106980079,57.5757668891448,59.0983545068823,60.4755914275204,61.7227891538441,62.8776289964362,63.9508299420932,64.9501855850948,65.8824854149497,66.7545629490037,67.5736538226123,68.3465902776594,69.0790749540096,69.7760014613558,70.4421129928818,71.0653604223932,71.6611755097614,72.2375706598599,72.7758945799784,73.2993558869036,73.8003305575697,74.2808336992481,74.7477707345479,75.193594246807,75.6292048046636,76.0471315803529,76.4536530319673,76.8495014298171,77.2289347634457,77.6078139283843,77.9621196766699,78.3164254249556,78.6596727960529,78.9910299138679,79.322387031683,79.6382291311169,79.9493256368792,80.2604221426416,80.5567024591788,80.8508230970817,81.1449437349846,81.4282519162723,81.7090700005635,81.9898880848548,82.2648826476424,82.536120819499,82.8073589913556,83.07682902533,83.3419653677167,83.6071017101033,83.8722380524899,84.1346041696542,84.3966462971681,84.658688424682,84.9203873068108,85.1816844302696,85.4429815537284,85.7042931557066,85.9664744766126,86.2286557975186,86.4908371184247,86.7542175097389,87.0184533141755,87.2826891186122,87.5475289224332,87.8151658675185,88.0828028126038,88.3504397576891,88.6226808177076,88.895968211648,89.1692556055885,89.4473651166957,89.729897607471,90.0124300982463,90.2997647516074,90.5965846261875,90.8934045007677,91.1965498414275,91.514179215006,91.8318085885845,92.1631065632532,92.5097884556104,92.8564703479676,93.237741420144,93.6239791551431,94.0391241262783,94.4784739846788,94.9528939478578,95.4629800734671,96.0416565212732,96.6754969914953,97.4045907827365,98.299120700712,99.4814952256297,101.235416826325,109.999999999834
"Spain",20,42.2481010645244,48.6487909058908,52.4478305543659,55.2732717266036,57.5741766305472,59.5594295921103,61.3013991410707,62.8406603693587,64.2284422404709,65.4880435290123,66.6574802569171,67.7427678198125,68.7467012680144,69.6812476451842,70.5511389824502,71.3625450579066,72.116013145827,72.8164394003724,73.4777133959989,74.1075224126196,74.6969888019596,75.2578226129049,75.8033567295667,76.3101186105319,76.808552596825,77.2792070015601,77.7388291109607,78.1748355131052,78.6023214104174,79.0048116589658,79.4067290795054,79.7776443338186,80.1485595881317,80.5025908480137,80.8449719386,81.1873530291863,81.5057903283002,81.823309261938,82.1381136623084,82.4345217999332,82.730929937558,83.0257227961663,83.3046175630859,83.5835123300054,83.862407096925,84.1291284125448,84.3939532016831,84.6587779908215,84.9185588246609,85.1725767015364,85.4265945784119,85.6806124552873,85.9273458607696,86.1734773491273,86.4196088374851,86.6642867941927,86.9049762664994,87.1456657388061,87.3863552111128,87.6252996195889,87.8626830228715,88.1000664261541,88.3374498294367,88.5741052141612,88.8105001353328,89.0468950565043,89.2832899776758,89.5215421762656,89.7599356460455,89.9983291158255,90.2376240803707,90.4818698195792,90.7261155587877,90.9703612979962,91.2195526058888,91.4743381348737,91.7291236638587,91.9839091928437,92.2537448228903,92.5245950052154,92.7954451875404,93.08021444445,93.3737350348091,93.6672556251682,93.9776876621472,94.3020825816439,94.6264775011407,94.9828581269013,95.3486127167123,95.7315337155039,96.1521876735525,96.5854172071241,97.0786939977776,97.6057061703186,98.1957487027628,98.8941008608612,99.7215935877667,100.780599025925,102.401177002423,110
"Estonia",20,30.9842380694599,37.6318300692682,42.5872101846032,46.2968197167975,49.1202335371898,51.3616786316764,53.2014275993416,54.7662513577387,56.1514342454476,57.3887994101042,58.519684512427,59.5589413655615,60.5195049710706,61.4176219937209,62.2645788880205,63.0684241811262,63.838309926629,64.5804693642147,65.2994870293905,65.9986931734643,66.6762525062924,67.3337044319662,67.9754827054183,68.6028470246763,69.2034721145634,69.7901039132045,70.3630907292456,70.9105917872136,71.4489063231022,71.9687096456119,72.4749618455985,72.9703506034626,73.4486392110353,73.9208660587854,74.3745612228941,74.8245257545251,75.2566183411105,75.6851090410319,76.0985877808553,76.506566712272,76.9044327621568,77.2931810882348,77.6782138828285,78.0493323178945,78.4204507529605,78.7791680258976,79.1345018716748,79.4863454753142,79.8278741086803,80.1694027420464,80.5036265596658,80.8333276318922,81.1630287041187,81.4838701916316,81.8035927279673,82.1227094115826,82.4341238813268,82.745538351071,83.0557203416776,83.3603956924173,83.665071043157,83.9685816122853,84.2681688111344,84.5677560099834,84.8666359427661,85.1630767536821,85.4595175645981,85.7558155718053,86.0514998767141,86.3471841816229,86.6431830455231,86.9410370131435,87.2388909807639,87.5374468293954,87.8409902333373,88.1445336372792,88.449642561573,88.7630701714583,89.0764977813435,89.3942009551325,89.7225306939602,90.0508604327879,90.3906448532731,90.7399629789249,91.0892811045767,91.4662418062371,91.8440775774635,92.2442551500092,92.660130686675,93.0973119321913,93.5635295700286,94.0625346237418,94.5952865699714,95.1988860155784,95.8614223035261,96.6212372673822,97.545771826269,98.7517289996977,100.552943497363,109.09999999984
"Finland",20,34.4560584086307,43.2821635889061,48.2529772978888,51.8128043316076,54.5096570906786,56.6081501742247,58.379139400068,59.9478152622431,61.3639437714749,62.6293978459701,63.7853504122623,64.8508303791242,65.8424730056437,66.7746113012583,67.6582742547896,68.5004565532029,69.3039725978148,70.0691080418313,70.7964686167161,71.4885990458379,72.1454451667537,72.7582918639102,73.3477844530985,73.9125030884323,74.4439144452437,74.9646098839191,75.4549355644511,75.9359374395286,76.394790849152,76.8439239181493,77.2737478575242,77.696972072401,78.0994070925189,78.5017229420531,78.8781234975889,79.2545240531247,79.615919290258,79.9678616028397,80.3185410537603,80.6480406097449,80.9775401657295,81.3005133908841,81.6099229926323,81.9193325943806,82.2214362096357,82.5132871364567,82.8051380632777,83.0920615017661,83.3690850545182,83.6461086072703,83.9221496090265,84.1874064366921,84.4526632643577,84.7179200920233,84.9773594226349,85.2341919858455,85.4910245490561,85.7468968744802,85.9985761737283,86.2502554729764,86.5019347722246,86.7521661681921,87.0014732415136,87.2507803148351,87.5000873410079,87.7492599054062,87.9984324698044,88.2476050342027,88.4975775094809,88.7488095984813,89.0000416874817,89.2512737764821,89.5065092799001,89.7627080703087,90.0189068607173,90.2777869328817,90.5431320542557,90.8084771756298,91.0738222970039,91.3525454558188,91.6327328872055,91.9129203185922,92.2084181108672,92.5108199313262,92.8132217517852,93.1381557816535,93.4721579557909,93.8069650622212,94.1846106560551,94.5622562498891,94.9776024348403,95.4145950595241,95.8977666547586,96.4149693644857,97.022941903596,97.7078985063951,98.5314083047306,99.6088266700188,101.22090120691,110
"France",20,37.1660136991326,44.6782725349463,48.9670557519288,52.0582149586423,54.490625216773,56.5083013956891,58.2730459060342,59.8685781873046,61.3353251895102,62.6836271523396,63.9435591284617,65.1211192999421,66.2258028721845,67.270379386697,68.2586199061999,69.1928243358037,70.0746653939319,70.9065993907919,71.6926310809037,72.4378851883022,73.1477497748931,73.8158585884715,74.4537573619238,75.0689638670979,75.656434391832,76.215924044297,76.7619977736943,77.2762213848159,77.7770559414039,78.2551275500122,78.7157060759288,79.1579158648315,79.5845462022941,79.9923306898724,80.3923303916843,80.7684062517045,81.1444821117247,81.496461450408,81.8442674784976,82.1855376058129,82.5086543853606,82.8317711649082,83.1447477882882,83.4467108581878,83.7486739280874,84.0418614770062,84.3262333621987,84.6106052473913,84.8902944665775,85.1606459394486,85.4309974123198,85.7012956296883,85.9609733227099,86.2206510157315,86.4803287087531,86.7358105703688,86.9877060205361,87.2396014707033,87.4914969208706,87.73828987933,87.984904578748,88.2315192781659,88.4772557403414,88.721098454763,88.9649411691847,89.2087838836063,89.4527538013333,89.6967997411408,89.9408456809483,90.1848916207558,90.4325958388383,90.6805414793218,90.9284871198053,91.1790133036393,91.4353301513308,91.6916469990222,91.9479638467137,92.2151713341436,92.4851529799466,92.7551346257496,93.0343785391319,93.3243467319595,93.6143149247871,93.9142580834405,94.2319625281196,94.5496669727986,94.8871041635105,95.2422653090697,95.5974264546289,96.0020690084687,96.4070727282973,96.8629179696929,97.3339023345849,97.880424394112,98.4689476067551,99.146850769047,99.9770089772765,101.027497568285,102.644150354768,110
"United Kingdom",20,37.5125962213545,44.954881048369,49.6795825121421,53.0857578214062,55.6788336951906,57.7877058946181,59.5748433992794,61.1313483157315,62.5178124316423,63.762264718487,64.9012258037222,65.9460415758592,66.9102874543781,67.8090438203391,68.6493251659552,69.4322438758343,70.1605177810852,70.8453659441671,71.494553331315,72.1077606031273,72.6811288462934,73.2368034699355,73.7622510848653,74.2682648106884,74.7582187279159,75.2260297252928,75.6848237841255,76.1226566025616,76.5534634868141,76.9671149069569,77.3719229788348,77.7658344964888,78.1456836656288,78.5239061802005,78.8795557885842,79.2352053969679,79.5785663828562,79.9113167030077,80.2440670231593,80.5596451633382,80.871753538461,81.1838619135839,81.4792702329724,81.773767964532,82.0682656960916,82.3500371747868,82.6302716862577,82.9105061977287,83.1832895238493,83.4525768217164,83.7218641195836,83.9885077051467,84.2499847224651,84.5114617397835,84.7729387571019,85.0299851621117,85.2865200918329,85.5430550215541,85.7986286217233,86.0526872513168,86.3067458809103,86.5608045105038,86.8144578599849,87.0680372779747,87.3216166959645,87.5755723449215,87.830420504402,88.0852686638825,88.340116823363,88.5974914665653,88.8556421151241,89.1137927636829,89.3736742413694,89.6380355303185,89.9023968192677,90.1667581082168,90.4401893947611,90.7149252186236,90.989661042486,91.2739663619351,91.5646944812247,91.8554226005144,92.1578574649485,92.4718730507894,92.7858886366303,93.1206870018508,93.4673488047732,93.8158138723995,94.207093511105,94.5983731498105,95.034005165495,95.4851985448174,95.9957231370983,96.5317602976431,97.1679916231443,97.8937866909933,98.7626749966532,99.879271504194,101.584370592946,109.999999999979
"Greece",20,37.654293580266,45.7434708980995,50.0158886426459,53.0992369312045,55.4789323024006,57.4433642084825,59.1646870632066,60.7196815984633,62.1375922669125,63.4322222305702,64.614762292776,65.7023781441682,66.7110689889052,67.6590550511092,68.5587802915899,69.4136956667004,70.2216189785492,70.9812949926685,71.6959157712452,72.3715765145285,73.0076255587202,73.6011485604251,74.1727855998547,74.7132278124463,75.2255788844352,75.7230951007399,76.1866308986775,76.6439536905797,77.0686943296896,77.4888842176424,77.8841800750176,78.2705262351079,78.6444665427547,79.0002595041884,79.3560524656221,79.6879682131195,80.0165190093004,80.3418161202402,80.6466481347429,80.9514801492456,81.2526499985185,81.5376577844685,81.8226655704185,82.1072547545302,82.3767146136824,82.6461744728346,82.9156343319868,83.177488304649,83.4358755251102,83.6942627455713,83.951270044803,84.2028851049419,84.4545001650808,84.7061152252197,84.9557717044661,85.2042623903105,85.4527530761548,85.7012412163013,85.9492232982684,86.1972053802356,86.4451874622027,86.6935740337707,86.9426327140432,87.1916913943158,87.4407500745883,87.6914724469853,87.9427141507185,88.1939558544517,88.4458667020903,88.7008280062091,88.9557893103279,89.2107506144467,89.4699245294212,89.7313672789712,89.9928100285213,90.2565036472325,90.5287932776849,90.8010829081373,91.0733725385898,91.3608740552785,91.6500243969179,91.9391747385573,92.2476560442851,92.5612870731339,92.8749181019827,93.2195997196031,93.5669803843449,93.9291443334197,94.3214303849141,94.7157633664197,95.1665910148582,95.6203490596869,96.1470208582254,96.7063031571531,97.3318566885824,98.0741633942713,98.9553434217623,100.071815265922,101.795594907876,110
"Croatia",20,36.0400051865331,43.7707178423545,47.873992805119,50.6984465903531,52.9122441204272,54.7417842787097,56.3026216916622,57.670495996961,58.886546202359,59.9912732382571,61.0138730117103,61.9698352823317,62.8712813955985,63.7273712517424,64.5446021379705,65.3273560443886,66.0787030269934,66.8011826697001,67.4847571162468,68.1409214942429,68.7728176131342,69.3756724406772,69.9464247877373,70.5013156633621,71.0248635296877,71.5312388063063,72.0185939985249,72.4852236665787,72.9395645802218,73.3746186136672,73.7991444372447,74.2095788189346,74.607359106692,74.9988519315387,75.3728444771374,75.7468370227361,76.1027900187789,76.4557537761182,76.802962768516,77.1372430311899,77.4715232938639,77.7954198491498,78.112834181557,78.4302485139643,78.7356423705584,79.0376507938381,79.3396592171179,79.6305211817353,79.9186000429097,80.2066789040841,80.4865750615429,80.7625503541403,81.0385256467376,81.3104437206659,81.5766401231003,81.8428365255346,82.1087973257329,82.3680506342037,82.6273039426746,82.8865572511455,83.1437744775077,83.3994076021978,83.6550407268879,83.9106796214478,84.1664509314822,84.4222222415166,84.677993551551,84.935950049601,85.1958996497692,85.4558492499373,85.7162982861991,85.9844654599226,86.2526326336461,86.5207998073696,86.7974214625114,87.0775865756321,87.3577516887528,87.645596237357,87.9413614070459,88.2371265767348,88.5417211832341,88.8571372337849,89.1725532843356,89.5029502860207,89.8435046520479,90.1840590180751,90.556061884977,90.929609112058,91.3270539983255,91.7445422826271,92.1848630544815,92.6611815720867,93.1769639045691,93.7324291114481,94.3822038146024,95.1216129190518,96.0147511747409,97.1753730302108,98.9678596575478,109.999999994514
"Hungary",20,36.8267484844152,42.942031183075,46.2103745593049,48.4824388318537,50.2966716464204,51.8226548493245,53.1548085870464,54.3426937227662,55.4249693015024,56.4318956062115,57.3776588188571,58.2724433045203,59.1235687295457,59.9365446030431,60.7158910694229,61.4655861908818,62.1842283679428,62.8770757319413,63.5505540429749,64.2072523401175,64.8440759809032,65.4647565363124,66.0743883262965,66.6699760691046,67.2504258624048,67.822315897913,68.3788282537014,68.9229574713399,69.4589194697041,69.9750439881261,70.4856662405877,70.9779864121202,71.4625718093115,71.9325323905761,72.3929986653131,72.8409241617357,73.2799005084475,73.706599848753,74.1270464797907,74.5337304926325,74.9385740446191,75.3267378257456,75.7149016068721,76.0898672892494,76.4611270486135,76.8269175643863,77.1828396168396,77.5387616692929,77.8831657067838,78.225176181423,78.5647183501003,78.8941640307302,79.2236097113602,79.5478971231457,79.866239834006,80.1845825448663,80.4969965478462,80.8060384896535,81.1150804314608,81.419035836658,81.721063962182,82.023092087706,82.3219697462827,82.6197711095229,82.917572472763,83.2146289397573,83.5114003212615,83.8081717027657,84.1066238390652,84.4058290666509,84.7050342942366,85.0083496346483,85.3135760633833,85.6188024921182,85.9311048081107,86.2459717233932,86.5608386386758,86.8873705708986,87.2155594082388,87.5460535329417,87.8915360827341,88.2370186325264,88.5941321887217,88.9616327314808,89.3313648712017,89.727015806117,90.1226667410322,90.5476450631949,90.9797482879446,91.4463012439559,91.9261382117339,92.4591776562142,93.0174764882811,93.6431766946657,94.3509532914993,95.162231989099,96.138926553694,97.3825693750382,99.3067175149675,109.1
"Ireland",20,37.2428307003798,46.0399846151703,50.7146732876022,53.9786547205415,56.5409160021547,58.651739972643,60.4559785373043,62.001306982945,63.3539447010981,64.5517896139271,65.643307809016,66.6444194080323,67.5669932360721,68.4212598232602,69.2161269934278,69.9595375626955,70.6593079334214,71.3228911203521,71.9374882141203,72.5265345715864,73.096530519203,73.6276041604324,74.147765015849,74.642836727333,75.1215724978255,75.5826501975563,76.0265229348312,76.4550527621134,76.8704341171502,77.268271967819,77.6613501879418,78.0305453766021,78.3997405652625,78.7495131357609,79.0920449407991,79.4321133537861,79.7502417597942,80.0683701658023,80.3806882503344,80.6774471901089,80.9742061298833,81.2667460327052,81.5458619695352,81.8249779063652,82.1038915887721,82.3692179322814,82.6345442757907,82.8998706193,83.1588104455756,83.4138792683863,83.668948091197,83.9233490266411,84.1713246298853,84.4193002331296,84.6672758363738,84.9133112075648,85.1571121973254,85.400913187086,85.6447141768466,85.8873313070878,86.1296012469718,86.3718711868558,86.61418150047,86.8571431349678,87.1001047694655,87.3430664039632,87.5869369334451,87.8324654823452,88.0779940312454,88.3235225801456,88.5722049436509,88.8223140684271,89.0724231932033,89.3232032148102,89.5807593061748,89.8383153975394,90.0958714889041,90.3604711276242,90.6298510939601,90.899231060296,91.173256079332,91.4608734078151,91.7484907362982,92.0395147728911,92.3542680969317,92.6690214209723,92.9941337471146,93.3478072772958,93.701480807477,94.094124329369,94.5018147916783,94.9470855894659,95.4279061716802,95.9714449582129,96.5612057682145,97.2701388580505,98.12324594548,99.2060764082148,100.89054875103,109.99999999979
"Iceland",20,36.681665790975,46.6621564566005,51.4930113641947,55.4316311921064,58.2553827344347,60.4378915823948,62.1551125784456,63.552691595764,64.7753368078776,65.8830814613244,66.8864547338451,67.8083486692257,68.6635031970761,69.4631736482067,70.2120787065124,70.918933139534,71.587514423452,72.2234883626758,72.8074441596533,73.3674453658387,73.9033969615836,74.4062005648902,74.9015938189533,75.3619196585553,75.8206485504149,76.2479287685989,76.6752089867829,77.0719781112722,77.466867928397,77.8410631232172,78.2047328685119,78.5630372283464,78.8981813332439,79.2333254381413,79.5561543950778,79.8667994174372,80.1774444397967,80.475938549822,80.7665153536301,81.0570921574382,81.3394702199453,81.6139138836378,81.8883575473302,82.1598397774762,82.4213418647393,82.6828439520025,82.9443460392657,83.1978720987563,83.4492417260074,83.7006113532586,83.9504603427317,84.1944764697661,84.4384925968005,84.6825087238349,84.9241144975275,85.1634820113984,85.4028495252693,85.6422170391402,85.8799336538168,86.1171249273125,86.3543162008081,86.5915074743037,86.8289195934283,87.06633991346,87.3037602334918,87.5416994788925,87.782111585499,88.0225236921056,88.2629357987122,88.5060744456074,88.7528291412825,88.9995838369576,89.2463385326327,89.50104140126,89.7579531025182,90.0148648037764,90.2757836241525,90.5470381216949,90.8182926192374,91.0895471167798,91.379364843466,91.669926581139,91.960488318812,92.273465934805,92.5899714888122,92.9071968926339,93.258878447585,93.6105600025361,93.984213502456,94.3835223601254,94.7960721927881,95.2592125229363,95.7448036563851,96.2929266591116,96.9119201732151,97.6148305223762,98.4676822896464,99.5930397700896,101.29304231744,110
"Israel",20,40.7547958441046,48.5677876601993,52.6490021787625,55.5757967613387,57.9168352918197,59.8826075506187,61.5860945286212,63.0809834513078,64.4043915750085,65.6000434955211,66.6953669155308,67.7051685756589,68.6364775011279,69.5013268647296,70.2971522648802,71.0357062999728,71.7279663950197,72.3834118327489,73.0023622770918,73.5827244417476,74.1445367144647,74.6760354329573,75.1852061259643,75.6781162295791,76.1439712682239,76.6009385998988,77.0315798253411,77.4549344966568,77.8574705246955,78.2491542907222,78.630142909675,78.99208247459,79.354022039505,79.6922178992206,80.0269586329828,80.357322185771,80.6683151754577,80.9793081651444,81.2845998587855,81.5759578492783,81.8673158397712,82.1555864051412,82.4316130975827,82.7076397900242,82.9836664824657,83.24913757609,83.5139447706403,83.7787519651905,84.0394894390652,84.296789684448,84.5540899298309,84.8111998604298,85.0642009585491,85.3172020566684,85.5702031547878,85.8223785251185,86.0736839834176,86.3249894417166,86.5762949000156,86.8278089645847,87.0793447559759,87.3308805473671,87.5829409538528,87.8360778776769,88.089214801501,88.3423517253251,88.5976992074607,88.853698568226,89.1096979289912,89.366889267154,89.6275333469472,89.8881774267404,90.1488215065335,90.415463537561,90.6835710413349,90.9516785451088,91.2249644298037,91.5046622881746,91.7843601465455,92.0679924054524,92.3648691223488,92.6617458392453,92.9634466414934,93.2847535217174,93.6060604019415,93.9407066402109,94.2956644506023,94.6506222609937,95.0445490175445,95.4447726456292,95.8816858196134,96.3418451477401,96.8537764078072,97.3928197900498,98.0348910640863,98.7609734754066,99.6300238229034,100.748661069214,102.454127073239,109.999999999936
"Italy",20,41.7977383664736,49.2524967382702,53.4879799241033,56.5073101545634,58.9110580739486,60.9132190775156,62.6066384494532,64.0738813703932,65.3554069990208,66.5170102251902,67.5816013507074,68.5647448412539,69.4763812515587,70.3234984811684,71.1131199309991,71.8529109406292,72.5503447414187,73.2123568249514,73.8323132896217,74.4171421162342,74.9820100291935,75.5092210227567,76.0180935687102,76.504412337374,76.9681988188727,77.4168268350792,77.844607654831,78.2580031772873,78.6577460595001,79.0382128587234,79.4172072239257,79.7676835243594,80.1181598247931,80.4559808392495,80.7801556707408,81.1043305022321,81.412717382061,81.7144942393503,82.0162710966397,82.3044731464991,82.5874625643713,82.8704519822434,83.1450186870935,83.4124742356629,83.6799297842324,83.9451861830609,84.2002291396829,84.4552720963049,84.7103150529269,84.9593305546097,85.2050769556382,85.4508233566667,85.6965697576952,85.9360621288904,86.1754659676582,86.414869806426,86.6534123059196,86.8890167328734,87.1246211598273,87.3602255867811,87.5951649938072,87.8291344252844,88.0631038567615,88.2970732882387,88.5313728548608,88.7659317241361,89.0004905934114,89.2350494626867,89.4720807313639,89.7100587912026,89.9480368510413,90.18601491088,90.430728057824,90.6758617125773,90.9209953673305,91.1693311691631,91.4263348620918,91.6833385550205,91.9403422479492,92.2109268727846,92.4856170184363,92.760307164088,93.0472801204531,93.3469631127799,93.6466461051066,93.9631384855788,94.2972472197911,94.6313559540034,95.0025804351195,95.3834023322039,95.7912321261441,96.2346830187275,96.7116282324216,97.2384607028516,97.8426391983072,98.5241721768748,99.3457193211803,100.426540440273,102.033233286942,110
"Japan",20,38.9785040374187,47.2191708560118,51.8921259353602,55.2428951900251,57.8792583386069,60.0580498447666,61.9018092836467,63.4877834499581,64.8916230238145,66.1557212967395,67.3188609372902,68.3996501987853,69.404574885563,70.3374076423338,71.2027503531343,72.0076329258911,72.7603243797631,73.4688309810072,74.1404688676393,74.7721617673058,75.3660726870873,75.9392045893991,76.4800425501738,76.9969273314539,77.4973926665629,77.9674031344317,78.4295593108082,78.8607302364325,79.2863292036095,79.6870411925344,80.0786840338073,80.4572277772326,80.8187510739726,81.1802743707125,81.5175302734717,81.8533856704259,82.183548885514,82.497981970339,82.8124150551639,83.1197005060803,83.4164159280428,83.7131313500052,84.0045037624126,84.2867867772477,84.5690697920828,84.8492743550307,85.1201322560281,85.3909901570255,85.6618480580229,85.9251453284484,86.1872030399899,86.4492607515313,86.7084605049026,86.9637902222094,87.2191199395162,87.474449656823,87.7252133723683,87.9754693708376,88.2257253693069,88.4749656278792,88.7218761350848,88.9687866422905,89.2156971494961,89.4619028234372,89.7077430812931,89.9535833391491,90.1994235970051,90.4471543626109,90.6948895711638,90.9426247797167,91.1923552573226,91.4455607896817,91.6987663220408,91.9519718543999,92.2129936907194,92.4758451759618,92.7386966612041,93.007195728217,93.284665651199,93.562135574181,93.8425624784663,94.1407485502975,94.4389346221287,94.7406378067941,95.0670764231856,95.3935150395771,95.7337375746311,96.0976873723226,96.461637170014,96.8694657672,97.2824644574547,97.7414318248296,98.2186855790088,98.7670852262066,99.357237476799,100.037706549221,100.867820721113,101.915410922071,103.531958811453,109.999999999974
"Korea, Rep.",20,37.3786195484383,45.0614110360448,49.6124142344117,52.9895521336079,55.7094440441554,58.0101703024754,60.0096962856202,61.7593486575268,63.3075086118594,64.6896152951331,65.9464699566268,67.070877266685,68.0918195345499,69.0189439673318,69.8637822648393,70.6394382760748,71.3590372415171,72.0181299759232,72.6351136727629,73.224538292322,73.7746284395305,74.2984243171224,74.8039706062495,75.2779605835144,75.7445507842832,76.1811108447747,76.6136208402354,77.0219862447066,77.4243262123562,77.8112916148032,78.1863412206261,78.5572926893887,78.9073059049562,79.2573191205237,79.5938356311159,79.9210640500759,80.248292469036,80.5585063000307,80.8655269708246,81.1725476416185,81.4637188210381,81.7533336512649,82.0429484814916,82.3208675712426,82.5959175078616,82.8709674444805,83.1398216002228,83.4032006718762,83.6665797435296,83.928978667943,84.1837409011603,84.4385031343777,84.693265367595,84.9448410606784,85.1941191134031,85.4433971661277,85.6926752188524,85.9394235224575,86.1860952416108,86.4327669607641,86.6793522541644,86.925755605451,87.1721589567375,87.4185623080241,87.6661143761462,87.9142335250062,88.1623526738662,88.410642521886,88.6628062130735,88.9149699042609,89.1671335954483,89.4228017313452,89.6823729146762,89.9419440980072,90.2015851671965,90.4731279590167,90.7446707508369,91.0162135426571,91.2998298286513,91.5888339238365,91.8778380190218,92.1805077074072,92.4931833582832,92.8058590091591,93.1401142367964,93.4836655767205,93.8303724950661,94.2137557971881,94.5971390993101,95.0182274222956,95.4531412807349,95.9324724321892,96.4344487854758,97.0128565254644,97.6428592153258,98.3605356278315,99.2317758031761,100.378996212298,102.077562946578,109.999999999926
"Lithuania",20,27.8868433855642,33.290515135332,37.1863262456714,40.2261401404961,42.7293493819461,44.841479296718,46.6887415461182,48.3533564114481,49.8809355175792,51.2850447461332,52.581457662693,53.7803938217158,54.9017768183368,55.9543614970258,56.9440520820063,57.8808092573279,58.7725569881887,59.6240932312444,60.4367220726674,61.214744489483,61.9634061881217,62.6864675789722,63.3872373581871,64.0672867476877,64.7229991546096,65.3643408537615,65.9929498329406,66.6043254620879,67.2032952019919,67.7937210920617,68.3702167524256,68.9373399313669,69.4982515091664,70.0440726623781,70.5845460538015,71.1150818480314,71.6353651099706,72.1501628900003,72.6500912332891,73.1467466708814,73.6278019738524,74.1047608439668,74.5677134458008,75.0253448752767,75.4694444496218,75.9085864654448,76.3332957667265,76.7553418196449,77.1605509911906,77.5657601627362,77.9536180864316,78.3398745195245,78.7158260698108,79.0844806344721,79.4509074979298,79.8041061646027,80.1573048312756,80.502949505935,80.843473514309,81.183997522683,81.5154655501264,81.846487018203,82.1760605971823,82.5008984536624,82.8257363101424,83.1492311012027,83.4711715251293,83.7931119490559,84.1152344682355,84.4374474947014,84.7596605211672,85.0848006764013,85.4103597388012,85.736629251867,86.0686276620426,86.4006260722182,86.7365211955275,87.0782742342753,87.420027273023,87.7721709832566,88.1274889976547,88.4870483305622,88.8605654905861,89.2340826506099,89.6273930652664,90.0249450913805,90.4401356664369,90.8692037901465,91.3173134995229,91.7875883543101,92.2874088712251,92.8115672637818,93.394468420714,94.0189440217695,94.7081953327118,95.5199881647532,96.4813896958994,97.7514326670001,99.6400245643248,109.1
"Luxembourg",20,39.3534111118906,47.5133024013487,51.3008939548598,53.9820137300707,56.2130464354754,58.2021302665325,59.9278707561821,61.4239532376216,62.7582617141726,64.0062049635036,65.1560792817248,66.20689964618,67.1728181545521,68.0699945806264,68.9125930913299,69.7104734924772,70.4704745441584,71.1916449451514,71.877347033816,72.5344952713484,73.166643968873,73.7604426528681,74.3291793257397,74.880967697344,75.3950129191472,75.9000647951199,76.3763715927659,76.8414076833542,77.2825535497684,77.7139898644897,78.1205088205576,78.5248323045185,78.8983296383733,79.2718269722281,79.6259049640088,79.9698370558144,80.3127695040245,80.6317320390827,80.9506945741409,81.2652065320618,81.5637897062405,81.8623728804192,82.1576076100919,82.4397889814342,82.7219703527767,83.0039604177254,83.2731392149686,83.5423180122118,83.811496809455,84.0740215351453,84.3332867917057,84.5925520482662,84.8504142716601,85.1026595229321,85.3549047742042,85.6071500254762,85.8565825829795,86.1043767070857,86.3521708311918,86.5999649552979,86.8454137796427,87.0908622722526,87.3363107648625,87.5815877371181,87.8265213105162,88.0714548839144,88.3163884573125,88.562375882068,88.8089095070997,89.0554431321314,89.3020133827999,89.5531148177634,89.8042162527269,90.0553176876904,90.3100817889671,90.5698254749102,90.8295691608534,91.0893128467966,91.3623416131526,91.6359404496373,91.909539286122,92.1967579882477,92.4907041961011,92.7846504039545,93.0959661738449,93.4185003646458,93.7410345554468,94.0957426025815,94.4576485658907,94.8372953021072,95.2529047223397,95.6805142699184,96.1689169235161,96.6890402082366,97.2759203730153,97.968687058925,98.790853585313,99.8458656839292,101.456514790745,109.999999999798
"Latvia",20,30.3381619121228,35.4019127009304,39.1665764914116,42.1131117147796,44.5155281937747,46.5498560669714,48.3256278567365,49.9073179581261,51.3339481250984,52.6335256103287,53.8301757707951,54.9459041275161,55.9922280705934,56.9751929745854,57.9084246159828,58.7972894427633,59.6456811996604,60.4548478805807,61.2264322796681,61.966874175072,62.680258659637,63.3702611709114,64.0374354100487,64.6799777360832,65.3078613637336,65.9227862330106,66.5164887574469,67.0993147894164,67.6721998331185,68.2257364734412,68.7717357178341,69.3039837679472,69.8234014110509,70.3353391908503,70.8297870947111,71.3208561708537,71.7935037746722,72.2636138726666,72.7181311506351,73.1699647446213,73.60769183508,74.0438137520065,74.4660709049531,74.8883280578998,75.2966579553461,75.7045919346846,76.1022563279956,76.4967856170144,76.8851687801843,77.2670235384432,77.6473400267707,78.0171772694365,78.3870145121023,78.749023759032,79.1075895803239,79.4642610499684,79.8125593838337,80.1608577176989,80.5038247967009,80.8432452273336,81.1826656579663,81.5153956713469,81.8477656133519,82.178975340069,82.5065331773074,82.8340910145458,83.1605435215125,83.4858615680611,83.8111796146096,84.1369229897344,84.4628261036398,84.7887292175453,85.1181278955113,85.4476517918294,85.7787907201094,86.115210461966,86.4516302038225,86.7939325105718,87.1408761106272,87.4878197106827,87.8489553500825,88.2106073637075,88.5816647703712,88.9630630490999,89.3474964627459,89.7549307437653,90.1623650247847,90.6007477234472,91.0422800844067,91.52259375967,92.0097911089849,92.554428343005,93.1272016419502,93.7488182754527,94.4638836147279,95.2786623700105,96.2515609646365,97.5011559721087,99.4171496351733,109.099999999429
"Netherlands",20,41.2018368966631,48.4833902909378,52.471641721856,55.2629248018751,57.4619381963975,59.3177614338523,60.9298237681169,62.3586013905907,63.6202922397623,64.7675422902024,65.8173595443876,66.7845850346696,67.6819783993349,68.5200595169517,69.3068793237313,70.0486364621026,70.7509036618446,71.4192748192855,72.0480067490412,72.6419214477523,73.2156944791444,73.7562643910266,74.2757564046354,74.7779410035648,75.253778379116,75.7211556151152,76.1619871310142,76.5974317640108,77.0099512731685,77.4154069305988,77.8052526608335,78.1820518882636,78.5546216337175,78.90434124639,79.2540608590625,79.5894728900272,79.9146384230545,80.2398039560818,80.5477326243329,80.8517454037299,81.1557581831268,81.4447899384986,81.7312702627364,82.0177505869742,82.2940679501328,82.5662924089489,82.838516867765,83.1061027345222,83.3669246009017,83.6277464672812,83.8885683336607,84.141051864615,84.393153178993,84.6452544933711,84.8950350147872,85.1411266727346,85.387218330682,85.6333099886294,85.8769854686142,86.1197627687946,86.3625400689751,86.6053002344905,86.8472952102541,87.0892901860178,87.3312851617815,87.5737705923941,87.8173852104409,88.0609998284877,88.3046144465345,88.5508059123417,88.7986555822974,89.0465052522531,89.2943549222087,89.5496007610731,89.8050189829152,90.0604372047574,90.3213163088286,90.5887737494591,90.8562311900896,91.125274487916,91.4106371131832,91.6959997384504,91.9813623637175,92.2904724045096,92.6012418162324,92.9133632265272,93.2591132249527,93.6048632233781,93.9712655039619,94.3644251948313,94.7669419939259,95.2239871598199,95.6962958344266,96.2394314933453,96.8432015026031,97.5277608797862,98.3596849681612,99.4626087692654,101.096179017123,110
"Norway",20,38.1276306231684,47.044549956463,51.825145855824,55.0235572364486,57.4448913513752,59.440724425946,61.1480867443801,62.6440734415623,63.9733442166236,65.1546995943419,66.2191940110838,67.1982772578316,68.1107024617939,68.968146898029,69.7757986502295,70.5364776499406,71.2497472938724,71.9087147544944,72.533432371324,73.1312799964147,73.6836960438903,74.2181603895612,74.7285760121579,75.2145887553595,75.68826125629,76.1369211685289,76.577859017872,76.9970758753146,77.4079707460742,77.8037974358575,78.1864035403669,78.5642086199102,78.9201966848227,79.2761847497351,79.6163376518951,79.9480458330736,80.2797540142521,80.591487388749,80.9019223403318,81.2116322590553,81.5038532247468,81.7960741904383,82.0882951561299,82.3655895769443,82.6422611712482,82.9189327655521,83.1863735824686,83.4499887505337,83.7136039185989,83.9742329003873,84.2276536459175,84.4810743914477,84.734495136978,84.9828413442093,85.2294186379685,85.4759959317278,85.7222502088789,85.9652990498198,86.2083478907608,86.4513967317018,86.6940950888429,86.9362419851086,87.1783888813743,87.4205357776401,87.663341042946,87.9064678961785,88.1495947494111,88.3927216026436,88.6386151439016,88.8845940664895,89.1305729890774,89.3783105877286,89.6299405415426,89.8815704953566,90.1332004491705,90.3920684234418,90.6535522904863,90.9150361575307,91.1810522850294,91.4580237711197,91.73499525721,92.0129420741244,92.3124876909546,92.6120333077847,92.9127943752705,93.2437835784843,93.5747727816981,93.9194334097094,94.2932082509226,94.6669830921358,95.0932795414358,95.5246649437003,96.0198537054758,96.5343773445672,97.1470591383766,97.8428091591324,98.6743820039578,99.750728995437,101.383025110108,109.999999999903
"New Zealand",20,36.8152757331041,45.2186018605133,50.0596645145836,53.5170504176742,56.2306171135377,58.532303715147,60.5106000063319,62.1920032979781,63.6420372967043,64.9424261403393,66.1094351708032,67.1743057970335,68.1503881395491,69.0476905479286,69.8772488304342,70.6503604912485,71.3772469160364,72.0561934009136,72.6964135195965,73.3097321498365,73.8936244571974,74.4420257905297,74.9762978081596,75.4760331166136,75.9624905315192,76.4244748490003,76.8726151358222,77.3002985113012,77.7188545205799,78.1160365268106,78.5123287903276,78.8827763779238,79.25322396552,79.609472842646,79.9564043506721,80.3031325096001,80.6289155771145,80.9546986446288,81.2756772767164,81.5820124017187,81.888347526721,82.1891865447728,82.4777396307313,82.7662927166897,83.0519006378844,83.3249587116412,83.598016785398,83.8710748591548,84.1330347600305,84.3936797370659,84.6543247141012,84.9110091548538,85.1626752968739,85.4143414388941,85.6660075809142,85.9125859237263,86.158369744349,86.4041535649717,86.649239343036,86.8915875098916,87.1339356767471,87.3762838436026,87.6180342744907,87.8591613525742,88.1002884306576,88.3414155087411,88.5837131285468,88.8263864173538,89.0690597061607,89.3119899636537,89.5599781304022,89.8079662971506,90.0559544638991,90.3081308897275,90.5661114790713,90.8240920684151,91.0820726577588,91.3543082640505,91.6276084448504,91.9009086256503,92.1877595332035,92.4823182034397,92.776876873676,93.0877955475876,93.4104637966061,93.7331320456246,94.0847388724198,94.4439104422546,94.8166897507407,95.2232751491783,95.6344270193213,96.1031901360542,96.5846362701232,97.1360270722743,97.7456046627822,98.4338563396896,99.264461275465,100.359946692145,101.976796165026,110
"Poland",20,33.533617277167,40.6389433785283,44.7888170477595,47.7385424943188,50.0254161240545,51.9090009661577,53.5174545236416,54.9270967756865,56.1920287234034,57.3469174331578,58.4192647237757,59.4205842085422,60.3596762729996,61.2439754369339,62.0804278005447,62.8756996135318,63.6359378589171,64.3664832953615,65.0717651431603,65.7492936734416,66.4054695483227,67.0458108008905,67.6711353078948,68.2744216978538,68.8662710822016,69.445915461061,70.0048253067179,70.5548012091043,71.0881481645256,71.6072146086091,72.116870793094,72.6069975992179,73.0933181707545,73.5575741934882,74.0205473397781,74.4634680808754,74.9061060612197,75.3294237201155,75.7527413790113,76.1597489969204,76.5647069631322,76.9580541119618,77.3455760214918,77.7273380750959,78.0980898489079,78.4688416227199,78.8248510317237,79.1795077990996,79.528465319033,79.8680564343701,80.2076475497072,80.5374429299314,80.8635792540774,81.1897155782234,81.504941677235,81.8198125295119,82.1337267189778,82.4399125694146,82.7460984198514,83.0512682267134,83.3515039478986,83.6517396690838,83.9514151781374,84.2484148352455,84.5454144923536,84.8423263258999,85.1387110097483,85.4350956935968,85.7316869047471,86.0300160230026,86.3283451412582,86.6270837004167,86.9299920701967,87.2329004399767,87.5367003668757,87.8471504593577,88.1576005518397,88.4705026439252,88.792138868607,89.1137750932887,89.4421144039381,89.7796721579029,90.1172299118678,90.4715196773091,90.8312449886981,91.198648755395,91.5887371053139,91.9788254552329,92.4077232033027,92.8388484943028,93.3170980516439,93.8036078698735,94.3626743148977,94.9601657097741,95.6192723591675,96.4039057687344,97.3393691724015,98.5701177353228,100.411024632418,109.1
"Portugal",20,38.0396479900743,44.7692547816788,48.7453200300911,51.7325673800046,54.1978553731427,56.2819185119832,58.1299559057779,59.8066237973718,61.330664899853,62.7013393419235,63.9553365074731,65.1048014694932,66.1682354316557,67.1653533624018,68.1035695858305,68.9867203803628,69.8162973873754,70.5941585300366,71.3244024658464,71.9953336367576,72.6261971718408,73.2278109750488,73.7898075783985,74.3242273867234,74.8421708891173,75.3269123954855,75.8069781794573,76.2552501298609,76.703291441111,77.122208846661,77.541126252211,77.9357555368413,78.3264132678155,78.7015693831981,79.0643292097666,79.4250691427345,79.7607797881082,80.0964904334819,80.4222705796128,80.7327637733702,81.0432569671275,81.3425653715648,81.6304712656571,81.9183771597494,82.1991345921959,82.4676763057618,82.7362180193276,83.0044851813279,83.2575368349425,83.5105884885572,83.7636401421719,84.0116493867515,84.2537663389509,84.4958832911503,84.7380002433498,84.9756422077296,85.2117437963836,85.4478453850376,85.6839469736916,85.9187733399283,86.1535066758866,86.3882400118449,86.6232089061715,86.8603490921066,87.0974892780417,87.3346294639768,87.5733548671479,87.8157329037702,88.0581109403924,88.3004889770147,88.5474639084967,88.7976407107145,89.0478175129322,89.2979943151499,89.5591624577505,89.8204194308529,90.0816764039552,90.3515226736968,90.6284793642985,90.9054360549003,91.1888579946432,91.4875471083502,91.7862362220573,92.0932047301034,92.4210131276485,92.7488215251936,93.0971842172024,93.4631394373603,93.8330439592843,94.2486738524088,94.6643037455333,95.1394499546563,95.6238122572619,96.1908561690635,96.810564208438,97.5149649922654,98.3699112023883,99.4971167183466,101.171409819299,109.999999999908
"Russian Federation",20,25.7616646621242,29.6128110758878,32.5255445003739,34.9949741117764,37.2374587806719,39.3359099978007,41.3241101198432,43.1938523951085,44.9308005583404,46.5369751848718,48.0288360274692,49.4128579011174,50.7084487312138,51.9139210532859,53.0461264456572,54.109881433962,55.1105935877762,56.0537478231314,56.9500516828842,57.8049745455866,58.6195833509905,59.4002046416336,60.1510922369032,60.8758461131509,61.5776641850153,62.257633252654,62.9125309390672,63.5523660445235,64.1789019117841,64.7868627689028,65.3823208080569,65.9688717243834,66.5396965352912,67.1010767663867,67.6545398063521,68.191844752148,68.7233417889464,69.2408975447258,69.7489588166292,70.2475017574491,70.7326380220857,71.2118661061703,71.6756111187392,72.135866988756,72.5806499441299,73.0229278064834,73.4515836322012,73.8773646935512,74.2926370707427,74.7036582397899,75.1079011904324,75.5059449096725,75.901039150164,76.287792966814,76.674546783464,77.052192378375,77.4291963094191,77.8016483491352,78.1703298799701,78.5382811779747,78.90006156496,79.2618419519453,79.6203199373068,79.9767576374069,80.3328683705466,80.6857952356883,81.0387221008299,81.3909360693002,81.7425501155277,82.0941641617551,82.4470454833952,82.7999481933534,83.1547086045568,83.5119003817663,83.8690921589757,84.2332905927878,84.5981527449272,84.9681227314342,85.3444173076876,85.7215717627585,86.1134886617423,86.5054055607262,86.9127704911679,87.3250502802957,87.7522287151607,88.1903898034335,88.6455224162222,89.1162200725915,89.6118151257775,90.1233577531905,90.6786913510043,91.2582203187193,91.8867281425235,92.5840365885636,93.356894694277,94.2431303240598,95.3038258345825,96.6691780254271,98.7563996964051,109.1
"Slovak Republic",20,35.1681641648839,42.2555651138819,46.2564862195583,48.9845421489374,51.1397052466548,52.9441202017153,54.4980911695791,55.8708617820315,57.0978681601497,58.2129605737416,59.2411013679524,60.1962907447377,61.0906895299048,61.9345528067739,62.7362838752377,63.5025760549678,64.238685951529,64.9463213164705,65.6237986368364,66.280618720448,66.9190761959314,67.5335284307358,68.1264347409064,68.7056569852585,69.2607297528312,69.7987046813082,70.323725298397,70.8234382232276,71.3177780532123,71.7850285215549,72.2493880005187,72.6907998644071,73.1305241582667,73.5488104877226,73.9670968171786,74.366416670103,74.7641172061209,75.149542829898,75.5285978030222,75.9026904126039,76.2642724635559,76.6258545145079,76.973987864071,77.3186520638684,77.660279632385,77.9884138282006,78.3165480240163,78.637749113821,78.9501592685756,79.2625694233302,79.5671072095762,79.8654619648893,80.1638167202024,80.4559675783774,80.742908722223,81.0298498660686,81.3135380981554,81.5924872379796,81.8714363778039,82.1496430127984,82.4244814261024,82.6993198394064,82.9741582527103,83.2489325178669,83.5237001255039,83.7984677331408,84.0756783537809,84.3543208107141,84.6329632676473,84.9146037098635,85.2007311411402,85.4868585724169,85.7756770748809,86.0723543273183,86.3690315797556,86.668599317687,86.9783271946137,87.2880550715404,87.6026386997358,87.9277471880566,88.2528556763773,88.5880311933665,88.9315303306016,89.2750294678366,89.6399874681593,90.0066277011681,90.3877290769616,90.7849695291358,91.1908240845027,91.6296880742666,92.0774922601637,92.5735905608096,93.0966990558564,93.6717637154457,94.3315858287514,95.0852746947586,95.9998566943846,97.1920600042499,99.0377873767394,109.1
"Slovenia",20,37.1491808555937,45.2145191711774,49.7976643009594,52.8039302419481,55.0535339763138,56.8402232350936,58.3437058817871,59.6934200921572,60.9264761140977,62.0797256289963,63.1599595809349,64.1693736452926,65.1203808763066,66.0219718058259,66.8798751813559,67.6986997015694,68.4762259213884,69.2197277252202,69.9315268409317,70.6140037745104,71.2680704821618,71.8807439629599,72.4706086824989,73.0378034189274,73.5683460252465,74.0876885918214,74.5764509525341,75.0541804048705,75.5103033236544,75.9559822487563,76.3834814071752,76.8041502374894,77.2053388477432,77.6061087450258,77.9815625477825,78.3570163505392,78.7166086217229,79.0664450612946,79.4151490711376,79.7406532831345,80.0661574951314,80.385676393725,80.6899258769595,80.994175360194,81.292927057291,81.5801818618144,81.8674366663378,82.1522973751455,82.4269777236159,82.7016580720864,82.9763384205569,83.2430897181069,83.5090936059354,83.775097493764,84.0381908113525,84.2987077011736,84.5592245909948,84.8195190635885,85.077100842063,85.3346826205375,85.592264399012,85.8493073783698,86.1059629748285,86.3626185712872,86.6193258275396,86.8766693278973,87.134012828255,87.3913563286127,87.6500317163732,87.9096802131031,88.1693287098329,88.4294894126957,88.6937275013223,88.957965589949,89.2222036785756,89.4922238883899,89.7646567966311,90.0370897048722,90.3149490430553,90.600879968267,90.8868108934787,91.1779883948883,91.4845423731593,91.7910963514303,92.1071019644851,92.4433274886998,92.7795530129145,93.1420790419787,93.5192859406517,93.9106463584086,94.3431817672212,94.788677583784,95.2952495000085,95.8412839798129,96.4469069621976,97.1741113194118,98.0389854429497,99.1398641178934,100.842597918249,109.999999999545
"Sweden",20,38.3854587976912,47.9024637707414,52.6444063802982,55.8464172336782,58.3377358820539,60.3594440104098,62.0379237404123,63.477169468537,64.7442435701471,65.889693426348,66.927338562394,67.8897561195695,68.7881698425931,69.6290702921227,70.4174264842304,71.1460065121621,71.8276271013134,72.4720009638708,73.08541982325,73.6498794686116,74.1964939091499,74.7157534446254,75.2104805978709,75.6917157159134,76.1472616006299,76.5953487535615,77.0203241704069,77.4382570155727,77.8384787653075,78.227518786678,78.6081505994225,78.969126421113,79.3301022428034,79.6698695782004,80.0045440336924,80.3364806474156,80.6477914873717,80.9591023273279,81.2659073484973,81.5572970531701,81.8486867578428,82.1377994994678,82.41263376116,82.6874680228522,82.9623022845444,83.2256056885092,83.4870760262493,83.7485463639893,84.0056860046835,84.2568638250018,84.5080416453201,84.7592194656384,85.0041370869766,85.247841316904,85.4915455468315,85.7345039779051,85.9730520238209,86.2116000697366,86.4501481156524,86.6874463974516,86.9226332067299,87.1578200160081,87.3930068252864,87.627306449532,87.8608656099976,88.0944247704633,88.327983930929,88.5621067399524,88.7964808240575,89.0308549081625,89.2652289922676,89.503476275722,89.7423982734492,89.9813202711763,90.221063404005,90.4696773606617,90.7182913173184,90.9669052739751,91.2230043512797,91.4877273613828,91.7524503714859,92.0187163324934,92.3072235114713,92.5957306904493,92.8842378694272,93.2040294648845,93.5256290090482,93.8538213455657,94.2203140501495,94.5868067547332,94.9951063054615,95.4220882987116,95.8966631022787,96.4052336015423,97.003807318903,97.6776391050481,98.4895207062984,99.5579587131276,101.154213329068,109.999999999316
"Ukraine",20,27.706175138648,32.1870167226484,35.4186266921018,38.0962193216242,40.4693310471807,42.6144641983481,44.5420374612963,46.2820336074748,47.866600646081,49.3131345165662,50.656808336955,51.8920867293405,53.0444677139062,54.1209512206148,55.1279081456392,56.0739761611826,56.9701034194888,57.8219132637724,58.6306258600356,59.4010354908562,60.1386519136354,60.8476034839428,61.5316611867699,62.1889847847713,62.8213996105955,63.4382222392725,64.0390175147916,64.6186581219317,65.1887089717011,65.7447449835005,66.2865780613475,66.8220986595124,67.3394543183372,67.8511013325246,68.3496227330909,68.8386890331061,69.3182151429125,69.78584936891,70.2462230477748,70.6939145227477,71.1352450992094,71.5649908499009,71.9878355713685,72.4020147660787,72.8074673897909,73.2085292027108,73.5982161025201,73.9879030023295,74.3643136488767,74.7402989588249,75.1097389179484,75.4743458887667,75.8379881295252,76.19356502377,76.5491419180148,76.9007538758248,77.2494440566903,77.5981342375559,77.9417592290963,78.2853569721515,78.6275901189503,78.9675519174559,79.3075137159615,79.6457740707429,79.9833985637991,80.3209662343798,80.6576781741556,80.9943901139315,81.3314591047201,81.6690880655166,82.0067170263131,82.3467617203227,82.6877286589758,83.0292361128283,83.3766255632292,83.7240150136302,84.0764177443394,84.4339677276113,84.7915177108832,85.1632361584433,85.5352988974187,85.9182114027214,86.3097415506504,86.7077649186923,87.1243987379035,87.5441509635382,87.9924482633964,88.4443462589261,88.9322597039108,89.4324130787061,89.9700217041465,90.5436297343283,91.1500749299448,91.8311821394678,92.5908536741739,93.4594253184303,94.4961518133061,95.8451498992344,97.9025173837012,109.099999999012
"United States",20,30.33642971728,38.2248138687482,43.6264567713636,47.3365677828902,50.1284694022893,52.4106245810105,54.3363760578028,56.0274811736639,57.5402397571471,58.929348239983,60.2123093138277,61.4089845443109,62.5138751877947,63.5486436682039,64.5202510610226,65.4355377541991,66.3007088138497,67.1211798902764,67.9017012572769,68.6465908268236,69.3511314945369,70.0229758664061,70.6690763267685,71.2927916511291,71.880046440165,72.4513508712146,73.0040436777083,73.5308599677233,74.0493751964054,74.5421645785955,75.0278047393455,75.4944884748684,75.9528918504466,76.3955993105241,76.8313528466686,77.2518014253584,77.6686641640383,78.0682454589757,78.4678267539131,78.8494232035608,79.2294447534339,79.5995119314298,79.9614738900031,80.3223852298787,80.6681205943833,81.0138559588878,81.3530703779913,81.6846789003391,82.016287422687,82.3389611807322,82.658617736752,82.9782742927717,83.2887231660563,83.5985005968899,83.9080646555898,84.2098573497715,84.5116500439532,84.8131646780761,85.1087148572721,85.4042650364681,85.699815215664,85.9908101046687,86.281802143826,86.5727941829834,86.8612589763836,87.1494631201369,87.4376672638903,87.7252914801896,88.0127556564674,88.3002198327452,88.5888653938227,88.8781390253125,89.1674126568023,89.4594375123762,89.753790443341,90.0481433743059,90.3469796164338,90.650593670196,90.9542077239582,91.2653799421962,91.5835342260121,91.9016885098279,92.2344554237749,92.5737569592108,92.9141901954753,93.2828969448508,93.6516036942264,94.0440665570189,94.4525310192497,94.8818080487505,95.3430764407521,95.8350884962455,96.3657546803616,96.9643065314672,97.6215617553376,98.375941900415,99.2936860149589,100.489617256616,102.25256032211,109.999999999799
